Text,cleaned_text,sentiments
Excited to have Larry Ellison &amp; Kathleen Wilson-Thompson join the Tesla board! https://t.co/CQyvkgsCsT,excited larry ellison amp kathleen wilsonthompson join tesla board,1
When one of the interns working on the simulation drops the ball ‚Ä¶,one interns working simulation drops ball,0
@5AllanLeVito Got it üòÄüá∫üá¶,got,0
"Yes. Supercharger coverage will extend to 100% of Europe next year. From Ireland to Kiev, from Norway to Turkey.",yes supercharger coverage extend europe next year ireland kiev norway turkey,0
@demishassabis Congratulations,congratulations,0
Reminder to US buyers that the $7500 tax credit cuts in half in 5 days! Order online at https://t.co/46TXqRrsdr to see if there is any inventory left in your region or visit Tesla stores.,reminder us buyers tax credit cuts half days order online see inventory left region visit tesla stores,-1
"@Grimezsz Turns out if you take Dayquil, you exit The Matrix",turns take dayquil exit matrix,0
@westcoastbill Tesla team did a great job!,tesla team great job,1
@ckgaparajita Coming soon,coming soon,0
"Most people don‚Äôt know that the Tesla Supercharger network allows easy long distance travel throughout USA, most of Europe, Canada and China https://t.co/ZzN9Tabq8C",people dont know tesla supercharger network allows easy long distance travel throughout usa europe canada china,1
"Good summary of Tesla progress in 2018 by @cleantechnica (due to Tesla team, not me though) https://t.co/vZgYts9auG via @cleantechnica",good summary tesla progress due tesla team not though via,1
"@JT_Richards @MMelinot @chuckyyyd This is incorrect. Vast majority of vehicle motion is returned to the battery, as the electric motors act like a generator in reverse. Brake pads on a Tesla literally never need to be replaced for lifetime of the car.",incorrect vast majority vehicle motion returned battery electric motors act like generator reverse brake pads tesla literally never need replaced lifetime car,0
"And, because electricity costs much less than gasoline, a Model 3 can cost about $1000 less per year to operate. Because it‚Äôs electric, there are no oil changes, smog checks, tuneups, fuel filter, or brake pad replacements.",electricity costs much less gasoline model cost less per year operate electric no oil changes smog checks tuneups fuel filter brake pad replacements,-1
"Most importantly, every electric car, Tesla or otherwise, matters to the environment we all share. Every time someone chooses electric, the future gets a little bit brighter!

If not Tesla, please take a look at these other options:
https://t.co/FZVNlGWYgA",importantly every electric car tesla otherwise matters environment share every time someone chooses electric future gets little bit brighter not tesla please take look options,1
"There are also many state &amp; local incentives, for example California offers $2500, plus $800 from utilities &amp; access to carpool lane, Colorado $4000, etc https://t.co/lmD3ZNFR9M",also many state amp local incentives example california offers plus utilities amp access carpool lane colorado etc,1
@13ericralph31 @AwakenedParadi1 @demishassabis Probability at 60% &amp; rising rapidly due to new architecture,probability amp rising rapidly due new architecture,1
@Ben757677 @vincent13031925 Thanks Tesla owners in China! Looking forward to visiting soon for the groundbreaking of Gigafactory Shanghai!,thanks tesla owners china looking forward visiting soon groundbreaking gigafactory shanghai,1
@EcoHeliGuy @13ericralph31 @NCBirbhan @AwakenedParadi1 @demishassabis Time. Although it also turned out to be dramatically better.,time although also turned dramatically better,1
"@motorsep Definitely. All major highways in Texas will have Superchargers, all the way to Brownsville &amp; across Mexico.",definitely major highways texas superchargers way brownsville amp across mexico,1
@martinmeany We are dramatically increasing Tesla Superchargers within cities &amp; working with landlords to add home charging to apartment buildings,dramatically increasing tesla superchargers within cities amp working landlords add home charging apartment buildings,0
Stainless Steel Starship https://t.co/rRoiEKKrYc,stainless steel starship,0
Please put ‚Äúinvented car fart‚Äù on my gravestone. This is my only request.,please put invented car fart gravestone request,0
Engineering is true magic,engineering true magic,1
"Merry Christmas &amp; goodwill to all!!
‚õÑÔ∏è üéÑ üéÅ üéÖ üíù üòÄ",merry christmas amp goodwill,0
@cleantechnica Sigh,sigh,0
@vicentes @Tesla Glad you‚Äôre ok!,glad youre ok,1
@Kristennetten @rokosslav @grafikhure_de @StevenHardison Maybe,maybe,0
@elliemecham @whatsinside Haha ü§£,haha,1
@rokosslav @grafikhure_de @StevenHardison Much less,much less,-1
@LeilaniMunter @Tesla @HickoryPD @StephenAtHome @cleanairNC @cleanenergyorg @CMPD How bizarre. Sorry to hear that.,bizarre sorry hear,-1
Amazing space progress by China. This year they did more orbital launches than the USA for the first time.,amazing space progress china year orbital launches usa first time,1
"@lexfridman @Tesla @karpathy Thanks, hope you have a good holiday! Your insight on autonomy is excellent.",thanks hope good holiday insight autonomy excellent,1
@WorldAndScience Yes! People are almost always surprised to learn that Earth‚Äôs gravitational reach is infinite. ‚ÄúZero gravity‚Äù is achieved by zooming around Earth super fast until outward acceleration equals inward acceleration of gravity.,yes people almost always surprised learn earths gravitational reach infinite zero gravity achieved zooming around earth super fast outward acceleration equals inward acceleration gravity,1
"@Erdayastronaut @13ericralph31 @grafikhure_de @StevenHardison Leeward side needs nothing, windward side will be activity cooled with residual (cryo) liquid methane, so will appear liquid silver even on hot side",leeward side needs nothing windward side activity cooled residual cryo liquid methane appear liquid silver even hot side,1
@grafikhure_de @StevenHardison Starship will look like liquid silver,starship look like liquid silver,0
@grafikhure_de @StevenHardison Skin will get too hot for paint. Stainless mirror finish. Maximum relfectivity.,skin get hot paint stainless mirror finish maximum relfectivity,1
@nextPlanetOver @WorldAndScience Which seems to be the approximate pixel size of reality,seems approximate pixel size reality,0
@nichegamer Putting in little outward-facing speakers would open up a lot of opportunities ‚Ä¶,putting little outwardfacing speakers would open lot opportunities,-1
"@StevenHardison Usable strength/weight of full hard stainless at cryo is slightly better than carbon fiber, room temp is worse, high temp is vastly better",usable strengthweight full hard stainless cryo slightly better carbon fiber room temp worse high temp vastly better,1
"@AndrewSamoylich @Erdayastronaut @13ericralph31 @grafikhure_de @StevenHardison No, Raptors must be shielded during atmospheric entry. Although, maybe not ...",no raptors must shielded atmospheric entry although maybe not,0
"@Robotbeat @Jon128123 @Diver2441 @Erdayastronaut @NASASpaceflight @_Synders @John_Gardi @martinengwicht @JeromeJaccard @alan1bernard SpaceX metallurgy team developed SX500 superalloy for 12000 psi, hot oxygen-rich gas. It was hard. Almost any metal turns into a flare in those conditions.",spacex metallurgy team developed sx superalloy psi hot oxygenrich gas hard almost metal turns flare conditions,1
@BENBALLER Thanks!,thanks,1
@thescalex @Jonas123denmark @Erdayastronaut @NASASpaceflight @JeromeJaccard @Robotbeat @alan1bernard Exactly,exactly,1
@John_Gardi @martinengwicht @Erdayastronaut @NASASpaceflight @JeromeJaccard @Robotbeat @alan1bernard Coldformed at cryo,coldformed cryo,0
"@Erdayastronaut @NASASpaceflight @_Synders @John_Gardi @martinengwicht @JeromeJaccard @Robotbeat @alan1bernard You def don‚Äôt want electric pumps on a rocket engine! Raptor turbopumps alone need 100,000 horsepower per engine. That‚Äôs not a typo.",def dont want electric pumps rocket engine raptor turbopumps alone need horsepower per engine thats not typo,0
"@wangmeister If Tesla committed delivery &amp; customer made good faith efforts to receive before year end, Tesla will cover the tax credit difference",tesla committed delivery amp customer made good faith efforts receive year end tesla cover tax credit difference,1
@MikeKasprzik @Tesla Try connecting to WiFi,try connecting wifi,0
@NASASpaceflight @_Synders @John_Gardi @martinengwicht @Erdayastronaut @JeromeJaccard @Robotbeat @alan1bernard Yes. Radically redesigned Raptor ready to fire next month.,yes radically redesigned raptor ready fire next month,1
"@Erdayastronaut @JeromeJaccard @Robotbeat @alan1bernard Stainless steel is correct, but different mixture of alloys &amp; new architecture. Unlike Atlas, Starship is buckling stable on launchpad even when unpressurized.",stainless steel correct different mixture alloys amp new architecture unlike atlas starship buckling stable launchpad even unpressurized,-1
"@Erdayastronaut @NASASpaceflight @_Synders @John_Gardi @martinengwicht @JeromeJaccard @Robotbeat @alan1bernard It‚Äôs embarrassing that Boeing/Lockheed need to use a Russian engine on Atlas, but that engine design is brilliant",embarrassing boeinglockheed need use russian engine atlas engine design brilliant,1
"@wangmeister It will be tight, but Tesla production should have all mid-range Model 3 orders delivered by year end",tight tesla production midrange model orders delivered year end,-1
"@Erdayastronaut @NASASpaceflight @_Synders @John_Gardi @martinengwicht @JeromeJaccard @Robotbeat @alan1bernard Yes, full flow, gas-gas, staged combustion. Will take us time to work up to 300 bar. That is a mad level.",yes full flow gasgas staged combustion take us time work bar mad level,-1
"@ludan27 @Erdayastronaut @JeromeJaccard @Robotbeat @alan1bernard Yes, but single stage to orbit with no payload is pointless. Add Super Heavy rocket booster &amp; orbital payload is gigantic. Only need booster on Earth, due to deep gravity well &amp; thick atmosphere. Starship alone on moons &amp; Mars.",yes single stage orbit no payload pointless add super heavy rocket booster amp orbital payload gigantic need booster earth due deep gravity well amp thick atmosphere starship alone moons amp mars,1
"@Erdayastronaut @NASASpaceflight @JeromeJaccard @Robotbeat @alan1bernard I will do a full technical presentation of Starship after the test vehicle we‚Äôre building in Texas flies, so hopefully March/April",full technical presentation starship test vehicle building texas flies hopefully marchapril,1
"@_Synders @John_Gardi @martinengwicht @Erdayastronaut @NASASpaceflight @JeromeJaccard @Robotbeat @alan1bernard Starlink V1 on Falcon, V2+ on Starship. Basically, all future products will contain either the word ‚Äústar‚Äù or ‚Äúlink‚Äù üòÄ",starlink v falcon v starship basically future products contain either word star link,0
"@Erdayastronaut @ludan27 @JeromeJaccard @Robotbeat @alan1bernard Seriously! We are just on the wrong planet for SSTO. Mars, no problem.",seriously wrong planet ssto mars no problem,-1
"@Erdayastronaut @JeromeJaccard @Robotbeat @alan1bernard While there are some material similarities, Starship is very different from the Atlas design",material similarities starship different atlas design,0
"@Malcolmmarsman @TheMuddySchmuck @martinengwicht @Erdayastronaut @NASASpaceflight @JeromeJaccard @Robotbeat @alan1bernard This test hopper is at full body diameter of 9m / 30 ft, just not full height. Super Heavy will be full height &amp; diameter.",test hopper full body diameter ft not full height super heavy full height amp diameter,1
"@martinengwicht @Erdayastronaut @NASASpaceflight @JeromeJaccard @Robotbeat @alan1bernard For sheet/plate, at supplier made to our spec. For cast, in our Hawthorne foundry.",sheetplate supplier made spec cast hawthorne foundry,0
@Robotbeat @Jon128123 @Diver2441 @Erdayastronaut @NASASpaceflight @_Synders @John_Gardi @martinengwicht @JeromeJaccard @alan1bernard Our superalloy foundry is now almost fully operational. This allows rapid iteration on Raptor.,superalloy foundry almost fully operational allows rapid iteration raptor,0
"Anxiety is a scalar, fear is a vector",anxiety scalar fear vector,0
Are tunnels safe in an earthquake? https://t.co/vxcZ2Hi2qx,tunnels safe earthquake,1
Join our underground movement!,join underground movement,0
@QuilletteM Interesting,interesting,1
@quantumVerd @QuilletteM @pewdiepie Only if Dawkins joins,dawkins joins,0
"As a thank you to Tesla short sellers, we named a üí® after them haha https://t.co/5GCgM4RT4W",thank tesla short sellers named haha,1
@chrinder Haha,haha,1
@Taraustralis Needs a warmup,needs warmup,0
Tesla phone app release next week will enable service scheduling in 2 mins with a few taps. No more need to call!,tesla phone app release next week enable service scheduling mins taps no need call,0
"@JohnKasich Thanks, will consider next year",thanks consider next year,1
@Robotbeat @michaelknaepen @ElSchumi @FredericLambert @boringcompany Exactly,exactly,1
"Perhaps lost in the transport debate is that @boringcompany built a 6000 ft tunnel in LA for ~$10M with V1 (Godot). Next tunnel will be made with V2 (Line-Storm). V3 (Prufrock), aspirationally 10X better, should be operational next year. For reference: https://t.co/LS4EhN57Mw",perhaps lost transport debate built ft tunnel la v godot next tunnel made v linestorm v prufrock aspirationally x better operational next year reference,1
"@MattRemp Yeah, it would allow many streets to become parks and walking areas. Less concrete, more trees.",yeah would allow many streets become parks walking areas less concrete trees,1
"@DeadstockNYC Reverse back down (using same roller guide wheels, so no skill required) &amp; tow or flatbed it out",reverse back using roller guide wheels no skill required amp tow flatbed,0
"Tesla has released all cars for sale where original customer can‚Äôt take delivery before year end, as well as test drive / display cars, which cost less.

Reminder to US buyers that $7500 tax credit drops in half in 8 days. Order online at https://t.co/46TXqRrsdr or visit stores.",tesla released cars sale original customer cant take delivery year end well test drive display cars cost less reminder us buyers tax credit drops half days order online visit stores,1
@Space_Station @AstroAnnimal @Astro_DavidS Must feel amazing up there in microgravity zooming around the Earth every 90 minutes! Hope you have a Merry Christmas!,must feel amazing microgravity zooming around earth every minutes hope merry christmas,1
"@martinengwicht @realkrauswife Probably only need three types: straight ramp, spiral ramp &amp; elevator. Latter only for tight spaces.",probably need three types straight ramp spiral ramp amp elevator latter tight spaces,-1
"@Erdayastronaut @martinengwicht @realkrauswife @Tesla The guides are basically just a wheel, a shock absorber &amp; a solenoid. Costs a few hundred dollars in volume.",guides basically wheel shock absorber amp solenoid costs hundred dollars volume,0
@EcoHeliGuy @Erdayastronaut @martinengwicht @realkrauswife @Tesla Autopilot doesn‚Äôt need the guide wheels. They‚Äôre only there if there is a complete system failure. Turns will definitely be banked in future.,autopilot doesnt need guide wheels theyre complete system failure turns definitely banked future,-1
"@nichegamer @boringcompany So long as the tunnels are spaced about one diameter apart, most of the stress will flow around them, but this won‚Äôt matter for the first few layers",long tunnels spaced one diameter apart stress flow around wont matter first layers,1
Tesla in @boringcompany tunnel with retractable wheel gear that turns a car into a rail-guided train &amp; back again https://t.co/3a6i0NoSmi,tesla tunnel retractable wheel gear turns car railguided train amp back,0
Next step for @BoringCompany Loop is demonstrating high throughput at high speed. Target is 4000 vehicles/hour at 155mph (250km/h).,next step loop demonstrating high throughput high speed target vehicleshour mph kmh,1
"The demo ride takes you in *same* car on road, down elevator, zips through tunnel using guide wheels, up elevator at destination &amp; then drives on normal roads back to start",demo ride takes car road elevator zips tunnel using guide wheels elevator destination amp drives normal roads back start,1
@joshjob42 @flaneur @boringcompany Precisely,precisely,1
Boring product launch will be streamed live at 8pm California time tonight https://t.co/bwRt49d34V,boring product launch streamed live pm california time tonight,-1
Presentation starting at 8:15,presentation starting,0
"Capable of traveling safely at over 150mph. At that speed, it will feel like teleporting within a city.",capable traveling safely mph speed feel like teleporting within city,1
All Boring Loops will include continuously circulating cars dedicated to pedestrians &amp; cyclists,boring loops include continuously circulating cars dedicated pedestrians amp cyclists,-1
"This can be applied to any autonomous, electric vehicle, not just Tesla",applied autonomous electric vehicle not tesla,1
"@realkrauswife Pop up, park and walk!",pop park walk,0
@Model3Owners Same applies to those who didn‚Äôt order PUP,applies didnt order pup,0
"A variety of vehicles, like normal roads, from a small car to a densely seated bus. Must be seated &amp; belted for high speed safety.",variety vehicles like normal roads small car densely seated bus must seated amp belted high speed safety,1
"If all vehicles were densely seated buses, throughput in excess of 100,000 people per hour per lane is possible, but better to offer a range of vehicles &amp; let people decide what makes them happy",vehicles densely seated buses throughput excess people per hour per lane possible better offer range vehicles amp let people decide makes happy,1
@kirstenkorosec @TechCrunch @boringcompany Boring is developing an entirely new system of transport,boring developing entirely new system transport,-1
"@flaneur @boringcompany Actually way more capacity, way faster &amp; way more convenient. Subways are fine, but it‚Äôs time to upgrade to something better.",actually way capacity way faster amp way convenient subways fine time upgrade something better,1
"@CasPiancey @boringcompany This *is* affordable mass transit, but better in that it takes you where and when you to go",affordable mass transit better takes go,1
@TweetReinhard @TechCrunch Exactly. It‚Äôs a good way to go. Get people with more money to pay for the development!,exactly good way go get people money pay development,1
"@FredericLambert @boringcompany You‚Äôre right. We did have a sim ready, but it was confusing, so I didn‚Äôt include it. We‚Äôre working on one that makes things clear.",youre right sim ready confusing didnt include working one makes things clear,1
@realkrauswife I know that area well. Best would be to add ramps into the tunnel system from the basement levels of the parking lots surrounding 3rd St.,know area well best would add ramps tunnel system basement levels parking lots surrounding rd st,1
"@ElSchumi @FredericLambert @boringcompany Passive lateral safety is required by regulators &amp; I think they‚Äôre right. Might be able to build this into the tunnel wall though. So long as the vehicle is prevented by physics from rolling or jackknifing, there is probably a good safety argument.",passive lateral safety required regulators amp think theyre right might able build tunnel wall though long vehicle prevented physics rolling jackknifing probably good safety argument,1
Barrel on dome https://t.co/kpSIJphbnk,barrel dome,0
Rest in peace Syd Mead. Your art will endure.,rest peace syd mead art endure,0
"@EverydayTesla Yeah, engineering is ~90% of my time at SpaceX &amp; about ~60% at Tesla",yeah engineering time spacex amp tesla,0
@newscientist Explains üêà üé•,explains,0
@engineers_feed @physicsJ It‚Äôs a bit slow,bit slow,-1
@kulpability @cleantechnica C tbh,c tbh,0
@BaconMan65 @PhiliChez Exactly,exactly,1
@cleantechnica Seems so long ago,seems long ago,-1
@cleantechnica Will talk about that on Q4 call,talk q call,0
@JohnnaCrider1 It‚Äôs not ready yet,not ready yet,-1
@SteveHamel16 @cleantechnica Sounds about right ü§£ü§£,sounds right,1
@Teslarati Hard to believe it‚Äôs almost time to retire Cargo Dragon after a decade of solid service,hard believe almost time retire cargo dragon decade solid service,-1
"@cleantechnica Also, I hate deeply nested classes in C++. Had to be said.",also hate deeply nested classes c said,-1
@teslaownersSV @rhoehn Thanks all Tesla club members for helping out! Looking forward to seeing you there tomorrow. ‚ù§Ô∏è,thanks tesla club members helping looking forward seeing tomorrow,1
@DonaldM38768041 @Erdayastronaut Beyond awesome. He was the real deal.,beyond awesome real deal,1
@EvaFoxU Biting off more than I can chew. Because I‚Äôm an optimistic fool.,biting chew im optimistic fool,0
@JaneidyEve Headed to Tesla Fremont factory tomorrow to help with vehicle deliveries,headed tesla fremont factory tomorrow help vehicle deliveries,0
@ajtourville @cleantechnica Took me an embarrassingly long time to learn that,took embarrassingly long time learn,-1
"@ShaneAppleton7 @Erdayastronaut Building prototypes is relatively easy, volume production is hard",building prototypes relatively easy volume production hard,1
"@John_Gardi @Erdayastronaut Many ways to solve this problem, but the power requirements are much higher than aircraft control surfaces. When moving giant body flaps rapidly, achieving high power is much harder than high torque.",many ways solve problem power requirements much higher aircraft control surfaces moving giant body flaps rapidly achieving high power much harder high torque,1
Almost three now. Boca team is crushing it! Starship has giant dome ü§£ü§£ https://t.co/qTN2TU02pb,almost three boca team crushing starship giant dome,0
@teslaownersSV @TonyCrisostomo @Erdayastronaut Yeah,yeah,0
@flcnhvy muffin or not-muffin,muffin notmuffin,0
@TeslaGong @BrianGilbert_ @Tesla @AusTeslaOwners Coming ‚Ä¶,coming,0
@donnyraywoody @flcnhvy @kulpability @NASA Haha true,haha true,1
"@TeslaGong @BrianGilbert_ @Tesla @AusTeslaOwners Tesla merch def needs some love, but too many fish to fry rn",tesla merch def needs love many fish fry rn,1
"@cleantechnica The less code, the better! 1 point for adding a line of code, but 2 points for deleting a line. Bloatware is the devil.",less code better point adding line code points deleting line bloatware devil,1
"@kulpability @NASA Crew Dragon should be physically ready &amp; at the Cape in Feb, but completing all safety reviews will probably take a few more months",crew dragon physically ready amp cape feb completing safety reviews probably take months,1
"@SmileSimplify @Erdayastronaut Moving to an enclosed (fairly) clean room environment for SN2 in Jan, although, unlike aluminum, stainless steel welding is not super sensitive. Our main issue here in Boca is that it can get very windy, which affects weld arc &amp; steel melt pool.",moving enclosed fairly clean room environment sn jan although unlike aluminum stainless steel welding not super sensitive main issue boca get windy affects weld arc amp steel melt pool,1
@Kristennetten @SmileSimplify @Erdayastronaut We‚Äôre focusing on Boca right now for Starship &amp; Cape is focused on Falcon/Dragon,focusing boca right starship amp cape focused falcondragon,1
@Erdayastronaut Spin start from COPVs so the ox &amp; fuel turbines spool up super fast in unison. A precise start with full flow staged combustion is very important.,spin start copvs ox amp fuel turbines spool super fast unison precise start full flow staged combustion important,1
"@Erdayastronaut No, will be autogenous from the start, tapping hot CH4 &amp; O2 from Raptor",no autogenous start tapping hot ch amp raptor,1
"@DJSnM We use that process for the Raptor nozzle jacket. The knuckles of this dome are stamped in Michigan with a 4000 ton car body press, which costs much less for same outcome.",use process raptor nozzle jacket knuckles dome stamped michigan ton car body press costs much less outcome,-1
"@Erdayastronaut Best would probably be an autogenous laser weld, but we need more precise parts &amp; fixtures. Hopefully get that done in 2020.",best would probably autogenous laser weld need precise parts amp fixtures hopefully get done,1
"@Erdayastronaut Almost everything is different. These parts are stamped vs manually bump-formed &amp; TIP TIG welded vs flux core. Higher precision, stronger joints &amp; 20% mass reduction.",almost everything different parts stamped vs manually bumpformed amp tip tig welded vs flux core higher precision stronger joints amp mass reduction,1
"@kulpability @NASA New technology development schedules tend to exhibit a version of Zeno‚Äôs Paradox ‚Äî at any given point, you‚Äôre halfway there",new technology development schedules tend exhibit version zenos paradox given point youre halfway,1
"@Erdayastronaut Direct drive using several Tesla Plaid motors in parallel for SN1. Simpler, lighter &amp; more fault tolerant. Rear flaps each need ~1.5 megawatts. It‚Äôs like moving the entire wing of an aircraft!",direct drive using several tesla plaid motors parallel sn simpler lighter amp fault tolerant rear flaps need megawatts like moving entire wing aircraft,1
"@realRickyReeves @Erdayastronaut @NASA Crew Dragon is capable of propulsive landing, but would require extensive testing to prove safety. Better to focus on Starship.",crew dragon capable propulsive landing would require extensive testing prove safety better focus starship,1
@ajtourville @Erdayastronaut Tesla uses that to wirebond cells to module current collectors. Is there a commercially available machine that can weld ~4mm full hard 301 stainless barrels &amp; domes?,tesla uses wirebond cells module current collectors commercially available machine weld mm full hard stainless barrels amp domes,1
Dam now rly want choc chip muffin,dam rly want choc chip muffin,0
"8 years later, the simulation is mostly real",years later simulation mostly real,1
"@teslaownersSV @iam_preethi I def believe in the ethical treatment of animals &amp; taking action of climate, but these are mostly separate moral issues",def believe ethical treatment animals amp taking action climate mostly separate moral issues,1
@vincent13031925 @Tesla @jsrdctz Amazing work by Tesla China team!! ‚ù§Ô∏è‚ù§Ô∏è,amazing work tesla china team,1
@EvaFoxU @TeslaHistorian @TeslaOwnersofMA @JohnnaCrider1 @vincent13031925 @boringcompany Nice,nice,1
@ollie_turrell @cFidd Pretty much,pretty much,1
@28delayslater @TeslaOwnersofMA @JohnnaCrider1 @vincent13031925 @boringcompany Slight tweak to the glass needed &amp; then it should be good to go,slight tweak glass needed amp good go,1
"@iam_preethi I support people choosing whatever diet makes them happy, but it‚Äôs true that everyone going vegan still wouldn‚Äôt stop climate change. Moving billions of tons of hydrocarbons from deep underground into the atmosphere &amp; oceans is fundamentally the issue.",support people choosing whatever diet makes happy true everyone going vegan still wouldnt stop climate change moving billions tons hydrocarbons deep underground atmosphere amp oceans fundamentally issue,1
"@vincent13031925 @boringcompany Certainly worth trying! The objective reality for large cities worldwide is that efforts to solve traffic have not worked well. If we don‚Äôt try *something* new, we will be in traffic hell forever.",certainly worth trying objective reality large cities worldwide efforts solve traffic not worked well dont try something new traffic hell forever,1
"@cFidd No, I said we should build more tunnels. Put trains in them or cars or whatever, but every large city on Earth is plagued by traffic &amp; it‚Äôs getting worse. Multi-level tunnels might solve this, so worth trying. If you have a better suggestion, please tell us what it is.",no said build tunnels put trains cars whatever every large city earth plagued traffic amp getting worse multilevel tunnels might solve worth trying better suggestion please tell us,1
"@teslaownersSV @iam_preethi Renewable energy production (solar, wind, geothermal), improving home insulation &amp; electric transport will do the trick. Vegan/vegetarian helps a little, but isn‚Äôt critical. We should take the set of actions that maximize total public happiness!",renewable energy production solar wind geothermal improving home insulation amp electric transport trick veganvegetarian helps little isnt critical take set actions maximize total public happiness,1
@BrianGilbert_ @Tesla @AusTeslaOwners Tesla app based payment will soon be rolled out WW. It‚Äôs tough making functionality work across so many regulatory domains.,tesla app based payment soon rolled ww tough making functionality work across many regulatory domains,1
"@EvaFoxU @amargosavalley For sure, but I understand the pulse of Twitter pretty well. A sudden avalanche of very similar vitriolic comments from anon accounts usually means someone activated a troll/bot net.",sure understand pulse twitter pretty well sudden avalanche similar vitriolic comments anon accounts usually means someone activated trollbot net,1
@Snipergen @Tesla Sure. Trax will get much better &amp; more fun. This is an alpha version.,sure trax get much better amp fun alpha version,1
@BrianGilbert_ @Tesla @AusTeslaOwners Is purchasing through the Tesla app not working?,purchasing tesla app not working,0
"@JohnnaCrider1 @vincent13031925 @boringcompany Yeah, Boring Bricks üß± are def coming, but whole team is focused on getting Vegas Convention Center tunnel operational so people can try it out, suggest improvements, etc. I ‚ô•Ô∏è crowdsourcing ideas with people who really care about making great products!",yeah boring bricks def coming whole team focused getting vegas convention center tunnel operational people try suggest improvements etc crowdsourcing ideas people really care making great products,1
"@RationalEtienne @EvaFoxU @amargosavalley That might have something to do with it. ‚ÄúStalin: Court of the Red Tsar‚Äù was one of the few books so dark I had to stop reading. If only they‚Äôd listened to Lenin‚Äôs last wish, much tragedy may have been averted.",might something stalin court red tsar one books dark stop reading theyd listened lenins last wish much tragedy may averted,1
"@JonAttenborough @cFidd Absolutely. Multi-level tunnels can go under buildings, mountains, rivers or anything else &amp; directly connect destinations, like aircraft do in the sky. We just need more of them.",absolutely multilevel tunnels go buildings mountains rivers anything else amp directly connect destinations like aircraft sky need,1
@TeslaOwnersofMA @JohnnaCrider1 @vincent13031925 @boringcompany What is the platonic ideal of the perfect candy? Really feels like candy R&amp;D hasn‚Äôt improved in ages. Damn candy oligarchs!! [shakes fist at sky],platonic ideal perfect candy really feels like candy rampd hasnt improved ages damn candy oligarchs shakes fist sky,1
"@tjq1190 @tyger_cyber @fawfulfan @_Mikemo He didn‚Äôt own an emerald mine &amp; I worked my way through college, ending up ~$100k in student debt. I couldn‚Äôt even afford a 2nd PC at Zip2, so programmed at night &amp; website only worked during day. Where is this bs coming from?",didnt emerald mine amp worked way college ending k student debt couldnt even afford nd pc zip programmed night amp website worked day bs coming,0
@annerajb Hopefully working in Caribbean by end of 2020. Def by 2021.,hopefully working caribbean end def,0
@justpaulinelol @annerajb Probably 2021. Depends on regulatory approvals.,probably depends regulatory approvals,0
@geofficient Pretty much,pretty much,1
@flcnhvy @cyrusposting Exactly,exactly,1
"@IrinaAntony @tjq1190 @tyger_cyber @fawfulfan @_Mikemo We started Zip2 with ~$2k from me plus my overclocked home-built PC, ~$5k from my bro &amp; ~$8k from Greg Kouri (such a good guy ‚Äî he is greatly missed).

My Dad provided 10% of a ~$200k angel funding round much later, but by then risk was reduced &amp; round would‚Äôve happened anyway.",started zip k plus overclocked homebuilt pc k bro amp k greg kouri good guy greatly missed dad provided k angel funding round much later risk reduced amp round wouldve happened anyway,1
@JaneidyEve @johnkrausphotos @austinbarnard45 @flcnhvy @Joe__Wakefield @tjq1190 @tyger_cyber @fawfulfan @_Mikemo Ramones &amp; Bach,ramones amp bach,0
"@TheAssassin_95 Yes, but it‚Äôs too secret",yes secret,-1
"@Joe__Wakefield @austinbarnard45 @tjq1190 @tyger_cyber @fawfulfan @_Mikemo This is a pretty awful lie. I left South Africa by myself when I was 17 with just a backpack &amp; suitcase of books. Worked on my Mom‚Äôs cousin‚Äôs farm in Saskatchewan &amp; a lumber mill in Vancouver. Went to Queens Univ with scholarship &amp; debt, then same to UPenn/Wharton &amp; Stanford.",pretty awful lie left south africa backpack amp suitcase books worked moms cousins farm saskatchewan amp lumber mill vancouver went queens univ scholarship amp debt upennwharton amp stanford,-1
"@austinbarnard45 @tjq1190 @tyger_cyber @fawfulfan @_Mikemo This person blocked me, so can‚Äôt read the tweet. Whats their deal?",person blocked cant read tweet whats deal,0
@catmonocle69 Sounds like a Marxist with style,sounds like marxist style,0
"@johnkrausphotos @austinbarnard45 @flcnhvy @Joe__Wakefield @tjq1190 @tyger_cyber @fawfulfan @_Mikemo I hope someone has pics! My Mom came to visit one weekend &amp; was quite surprised by it all, but helped work coat check &amp; guarded the cash with a kitchen knife ü§£ü§£",hope someone pics mom came visit one weekend amp quite surprised helped work coat check amp guarded cash kitchen knife,1
"@waitbutwhy @Kurz_Gesagt Maximizing conversion of mass to aimed photons (pure momentum) is actually the highest possible efficiency, which is why an antimatter drive is probably the best way to get to other star systems with known physics. For ‚Äúclose‚Äù stars, a laser sail is good too.",maximizing conversion mass aimed photons pure momentum actually highest possible efficiency antimatter drive probably best way get star systems known physics close stars laser sail good,1
@JohnnaCrider1 @mayemusk Literally. It was at 40th &amp; Baltimore in Philadelphia before gentrification.,literally th amp baltimore philadelphia gentrification,0
@amargosavalley Thousands of anon/troll/bot accounts suddenly on the attack. Interesting.,thousands anontrollbot accounts suddenly attack interesting,1
"@austinbarnard45 @flcnhvy @Joe__Wakefield @tjq1190 @tyger_cyber @fawfulfan @_Mikemo To pay rent, we turned our house into a nightclub &amp; charged a $5 entry fee. Looked cool at night, but insane by day ‚Ä¶ blacklights, luminescent spray paint &amp; metal junk sculptures.",pay rent turned house nightclub amp charged entry fee looked cool night insane day blacklights luminescent spray paint amp metal junk sculptures,-1
"@cyrusposting Induced demand is one of the most irrational theories I‚Äôve ever heard. Correlation is not causation. If the transport system exceeds public travel needs, there will be very little traffic. I support anything that improves traffic, as this negatively affects almost everyone.",induced demand one irrational theories ive ever heard correlation not causation transport system exceeds public travel needs little traffic support anything improves traffic negatively affects almost everyone,-1
@SMZGallagher @Tesla Sorry about this. We will do our best. The Tesla production &amp; delivery teams have been working super hard.,sorry best tesla production amp delivery teams working super hard,1
Was up all night with SpaceX team working on Starship tank dome production (most difficult part of primary structure). Dawn arrives ‚Ä¶ https://t.co/SzyDSYUYOu,night spacex team working starship tank dome production difficult part primary structure dawn arrives,-1
"Build super safe, Earthquake-proof tunnels under cities to solve traffic",build super safe earthquakeproof tunnels cities solve traffic,1
"Turn on auto navigate feature &amp; car will activate traffic-based navigation to work, home or calendar, depending on context, as soon as you sit down. No input required at all.",turn auto navigate feature amp car activate trafficbased navigation work home calendar depending context soon sit no input required,0
"These would be road tunnels for zero emissions vehicles only ‚Äî no toxic fumes is the key. Really, just an underground road, but limited to EVs (from all auto companies). This is not in place of other solutions, eg light rail, but supplemental to them.",would road tunnels zero emissions vehicles no toxic fumes key really underground road limited evs auto companies not place solutions eg light rail supplemental,1
@teslaownersSV Done by dawn,done dawn,0
@Kristennetten Future feature,future feature,0
@Teslarati Activating engine two ‚Ä¶,activating engine two,0
@Salo4201 That would be a fringe benefit ü§£ü§£,would fringe benefit,0
@JaneidyEve Flight is hopefully 2 to 3 months away,flight hopefully months away,0
"@flcnhvy No, he‚Äôs still much faster üêå",no hes still much faster,1
@DiscoverMag Please stop spamming bleak links into a paywall,please stop spamming bleak links paywall,-1
@Erdayastronaut @teslaownersSV @Benioff Hopefully fully operational in 2020,hopefully fully operational,0
"@teslaownersSV @Benioff Boring Co is completing its first commercial tunnel in Vegas, going from Convention Center to Strip, then will work on other projects",boring co completing first commercial tunnel vegas going convention center strip work projects,-1
@flcnhvy @Sofiaan @Erdayastronaut The overarching goal of Tesla engineering is maximize area under user happiness curve,overarching goal tesla engineering maximize area user happiness curve,1
@KakaroTTo1385 @flcnhvy @Sofiaan @Erdayastronaut It is an honor &amp; a privilege to work with so many great engineers,honor amp privilege work many great engineers,1
"@JaneidyEve We‚Äôre now building flight design of Starship SN1, but each SN will have at least minor improvements, at least through SN20 or so of Starship V1.0.",building flight design starship sn sn least minor improvements least sn starship v,-1
"@Sofiaan @Erdayastronaut Possible, but one step at a time. Anything we release to the fleet has big implications these days. For example, if someone‚Äôs on data roaming &amp; video is enabled, they will get a giant cell phone bill. Operating in 40+ countries results in many corner cases!",possible one step time anything release fleet big implications days example someones data roaming amp video enabled get giant cell phone bill operating countries results many corner cases,1
"@flcnhvy @Sofiaan @Erdayastronaut It‚Äôs not that these things can‚Äôt be done, they just absorb a lot of software engineering time, which has great opportunity cost. There are very few excellent software engineers &amp; merely increasing team size results in awful bloatware.",not things cant done absorb lot software engineering time great opportunity cost excellent software engineers amp merely increasing team size results awful bloatware,1
"@JeremyGreenlee @mobiledavidd Seeing B pillar (diagonal fwd) &amp; side repeater (diagonal back) camera views would probably help for tight situations. We can enable access to these views. Also, no problem to have option to disable auto lock for home.",seeing b pillar diagonal fwd amp side repeater diagonal back camera views would probably help tight situations enable access views also no problem option disable auto lock home,-1
"Destiny, destiny
No escaping 
that for me",destiny destiny no escaping,0
Snake-head dog had my undivided attention until winder-head ostrich came gliding through all nonchalant https://t.co/dtPMdM3TQp,snakehead dog undivided attention winderhead ostrich came gliding nonchalant,0
@jack üé© The Greatest Gatsby üé©,greatest gatsby,1
@tobyliiiiiiiiii Are we sure this is real?,sure real,1
@RexChapman Haha,haha,1
All Tesla cars delivered in the final three days of the year will get three months of the Full Self-Driving option for free. Delivery &amp; docs must be fully complete by midnight Dec 31st.,tesla cars delivered final three days year get three months full selfdriving option free delivery amp docs must fully complete midnight dec st,1
@jack Let‚Äôs make the roaring 20‚Äôs again!,lets make roaring,0
Ignore the heading,ignore heading,0
@harsimranbansal Literally,literally,0
@flcnhvy Inspired by the ballet,inspired ballet,0
@ICannot_Enough @AloysiusFekete @RationalEtienne @biogirl09 @ErcXspace Exactly,exactly,1
"@ErcXspace We‚Äôre going to try to catch the Super Heavy Booster with the launch tower arm, using the grid fins to take the load",going try catch super heavy booster launch tower arm using grid fins take load,1
@Tesmanian_com This is very sensible. Opposition from anywhere cannot mean no progress everywhere!,sensible opposition anywhere not mean no progress everywhere,-1
@Erdayastronaut Might be a few lumps along the way,might lumps along way,0
"@SpaceNews_Inc And Mark Dankberg. This action is wack, not dank!!",mark dankberg action wack not dank,1
"@RationalEtienne @biogirl09 @ErcXspace Legs would certainly work, but best part is no part, best step is no step",legs would certainly work best part no part best step no step,1
"@Erdayastronaut @flcnhvy @ErcXspace Production is hard, prototypes are easy. Building ~1000 Starships to create a self-sustaining city on Mars is our mission.",production hard prototypes easy building starships create selfsustaining city mars mission,1
"@smvllstvrs @ErcXspace Rocket motion is primarily vertical, so you want the top open",rocket motion primarily vertical want top open,1
@flcnhvy @ErcXspace Saves mass &amp; cost of legs &amp; enables immediate repositioning of booster on to launch mount ‚Äî ready to refly in under an hour,saves mass amp cost legs amp enables immediate repositioning booster launch mount ready refly hour,1
@Erdayastronaut @flcnhvy @ErcXspace SN9 will press CH4 header tank with helium. Long-term solution is under debate. Not clear what is lightest/simplest.,sn press ch header tank helium longterm solution debate not clear lightestsimplest,1
Such a weird game when you think about it https://t.co/5MrvVzmeKG,weird game think,-1
Not everything is made of cake https://t.co/oMaCmYQAwx,not everything made cake,0
The Last Kingdom show is great,last kingdom show great,1
This is not CGI https://t.co/VOivE97vPR,not cgi,0
Try playing Polytopia in your Tesla! Great game. Multiplayer online version coming soon.,try playing polytopia tesla great game multiplayer online version coming soon,1
@richierichhhhh_ Absolutely,absolutely,1
@Reza_Zadeh Less?,less,-1
"@SpaceNews_Inc Starlink ‚Äúposes a hazard‚Äù to Viasat‚Äôs profits, more like it. Stop the sneaky moves, Charlie Ergen!",starlink poses hazard viasats profits like stop sneaky moves charlie ergen,0
Entertainment will be critical when cars drive themselves,entertainment critical cars drive,0
@ashleevance Westworld,westworld,0
@chicago_glenn True haha,true haha,1
@PPathole @WSJ Absolutely,absolutely,1
@Tesmanian_com Taste of the future,taste future,0
"@WSJ Focus on making products &amp; services people truly love, so that the total economic pie is bigger, instead of engaging in zero-sum/negative-sum corporate power struggles. This is the good future.",focus making products amp services people truly love total economic pie bigger instead engaging zerosumnegativesum corporate power struggles good future,1
What should Tesla do with in-car gaming in an autonomous world?,tesla incar gaming autonomous world,1
@kimpaquette Just meeting with Larry Ellison to seek some advice. Back working on Tesla end of quarter tomorrow.,meeting larry ellison seek advice back working tesla end quarter tomorrow,0
"@karpathy If they don‚Äôt love us, we‚Äôre in deep trouble!",dont love us deep trouble,1
@sfs_central !! Even cheese is made of cake !!,even cheese made cake,0
"@Maldivawow @CodingMark @Tesla No, these are just incremental improvements to the production codebase. FSD build is a fundamental rewrite, not just in the car, but also our video training/labeling software.",no incremental improvements production codebase fsd build fundamental rewrite not car also video traininglabeling software,0
"@jayson32292601 Absolutely. Will be text &amp; visualization, but could add voice too.",absolutely text amp visualization could add voice,1
@lexfridman Good point,good point,1
@stevewoz Definitely,definitely,0
@teslaownersSV We need a ‚Äúmatch other traffic speed‚Äù setting,need match traffic speed setting,0
@Erdayastronaut @teslaownersSV Sure,sure,1
@engineers_feed Very important,important,1
"@ThatDesignGuy @m_siphiw @moosuraj @Tesla Roughly 95% of parts in Tesla Roadster were unique ‚Äî not in any other product. Unfortunately, since we started out with the (dumb, in retrospect) goal of simply adapting Lotus Elise to electric, we ended up with a 10% too small sports car that seems kinda like a Lotus.",roughly parts tesla roadster unique not product unfortunately since started dumb retrospect goal simply adapting lotus elise electric ended small sports car seems kinda like lotus,-1
@karpathy Vaccines are just the start. It‚Äôs also capable in theory of curing almost anything. Turns medicine into a software &amp; simulation problem.,vaccines start also capable theory curing almost anything turns medicine software amp simulation problem,1
@conexionspacial @spacecoast_stve @NASASpaceflight Interesting,interesting,1
@flcnhvy Liz has always done great interviews,liz always done great interviews,1
@westcoastbill The writing on Cobra Kai is sicküëå,writing cobra kai sick,-1
@flcnhvy @h3_extrachars It‚Äôs a step in that direction,step direction,0
"@teslaownersSV @lexfridman Ok, service might be able to do this. Will check.",ok service might able check,1
"@GUNMTLM3 @lexfridman No, but definitely this year",no definitely year,0
@TeslaTruckClub @jeremyjudkins @JPUConn @jchybow @DirtyTesla We will offer multiple display options,offer multiple display options,0
@AfloatHickory Haha I will save you the nightmare of seeing me in those shorts,haha save nightmare seeing shorts,1
"@kkvr2823 @tesla_adri @teslaownersSV There are subtle, important, differences between US &amp; Canada traffic rules, but FSD beta will be extended to Canada very soon",subtle important differences us amp canada traffic rules fsd beta extended canada soon,1
@IvanEscobosa @Erdayastronaut @teslaownersSV A few more revisions needed. Probably Beta 10 or 11.,revisions needed probably beta,0
"@spacecoast_stve @NASASpaceflight Falcon was 25% of successful orbital launches in 2020, but maybe a majority of payload to orbit. Anyone done the math?",falcon successful orbital launches maybe majority payload orbit anyone done math,1
"@13arm13arm It‚Äôs one üî• or 1/2 üî• if you don‚Äôt have a car with pedestrian speaker. We couldn‚Äôt get everything done in time, but more stuff coming.",one dont car pedestrian speaker couldnt get everything done time stuff coming,0
@teslaownersSV @lexfridman You mean install the external speaker on earlier cars that don‚Äôt have it?,mean install external speaker earlier cars dont,-1
Merry Christmas &amp; happy holidays! üéÅ https://t.co/uk6NSPwR9R,merry christmas amp happy holidays,1
Thanks to everyone who worked so hard to make Tesla successful. My heart goes out to you.,thanks everyone worked hard make tesla successful heart goes,1
"Change your horn sound to üêê, üêçüé∑, üí® or holiday jingles with latest Tesla software update!",change horn sound holiday jingles latest tesla software update,1
"To Tesla owners taking delivery in the final days of year, your support is super appreciated!!",tesla owners taking delivery final days year support super appreciated,1
@heydave7 Good idea,good idea,1
12 story rocket turns off its engines &amp; does a controlled fall,story rocket turns engines amp controlled fall,0
"@wintonARK During the darkest days of the Model 3 program, I reached out to Tim Cook to discuss the possibility of Apple acquiring Tesla (for 1/10 of our current value). He refused to take the meeting.",darkest days model program reached tim cook discuss possibility apple acquiring tesla current value refused take meeting,0
@teslaownerssv Indeed,indeed,0
@TrevorMahlmann Yeah,yeah,0
@Tesmanian_com Great game!,great game,1
@MarcusHouseGame Coming soon,coming soon,0
@flcnhvy @MarcusHouseGame A few months,months,0
@LizClaman @Tesla @FoxBusiness @ClamanCountdown Hi Liz!,hi liz,0
@archillect Sparta‚Äôs reply to Macedon,spartas reply macedon,0
@h3_extrachars You can upload custom music/sounds,upload custom musicsounds,0
"@Erdayastronaut Yup, we‚Äôre just ironing out a few bugs",yup ironing bugs,0
"@wintonARK Strange, if true. 

- Tesla already uses iron-phosphate for medium range cars made in our Shanghai factory.

- A monocell is electrochemically impossible, as max voltage is ~100X too low. Maybe they meant cells bonded together, like our structural battery pack?",strange true tesla already uses ironphosphate medium range cars made shanghai factory monocell electrochemically impossible max voltage x low maybe meant cells bonded together like structural battery pack,-1
@DeepMind @nature Frictionless AI. What could possibly go wrong?,frictionless ai could possibly go wrong,-1
@harsimranbansal @heydave7 It will most likely make sense for Starlink to go public once the revenue growth is reasonably predictable,likely make sense starlink go public revenue growth reasonably predictable,1
"@jgrano305 Unfortunately, pedestrian speaker is needed, otherwise no external sound generator except actual horn",unfortunately pedestrian speaker needed otherwise no external sound generator except actual horn,0
One word: Doge,one word doge,0
Bitcoin is almost as bs as fiat money,bitcoin almost bs fiat money,0
Bitcoin is my safe word,bitcoin safe word,1
‚ô•Ô∏è i love all u crazy ppl out there ‚ô•Ô∏è,love u crazy ppl,1
‚ÄúLord‚Äù Edge,lord edge,0
"Come for the comments, 
stay for the memesüíÑ",come comments stay memes,0
"@flcnhvy Pretty much. The main value of college used to be hanging out, having pseudo intellectual conversations &amp; partying with people your own age. Now, even that‚Äôs gone.",pretty much main value college used hanging pseudo intellectual conversations amp partying people age even thats gone,1
"Just kidding, who needs a safe word anyway!?",kidding needs safe word anyway,1
@MightyTesla @Kristennetten @lauren_kalo @SawyerMerritt @jasondebolt @CodingMark @28delayslater @BabyTesla3 @4thRowPopcorn @IloveElonandTe1 Nice,nice,1
@michael_saylor Are such large transactions even possible?,large transactions even possible,1
@pcgamer Great game,great game,1
@CallowayTech Sounds about right,sounds right,1
@BizzzzzyD You have a point (sigh),point sigh,0
@xDreamCoding @frank_thelen Nice branding,nice branding,1
@hajek_miloslav Great nails &amp; lipstick,great nails amp lipstick,1
"@MKBHD They are, although it‚Äôs kind low-key. Tesla Superchargers are being made accessible to other electric cars.",although kind lowkey tesla superchargers made accessible electric cars,1
@SpaceX Standing down for today to inspect rocket. Hopefully launching tomorrow.,standing today inspect rocket hopefully launching tomorrow,0
@SpaceX Pressure is slightly high in upper stage liquid oxygen tank. Review underway.,pressure slightly high upper stage liquid oxygen tank review underway,1
@padgeuk Absolutely. We will release FSD subscription early next year.,absolutely release fsd subscription early next year,1
"@Kristennetten It was a seriously twisted affair, but all‚Äôs that ends well.",seriously twisted affair alls ends well,-1
"So much of AI is about compressing reality to a small vector space, like a video game in reverse",much ai compressing reality small vector space like video game reverse,-1
Lex asks great questions,lex asks great questions,1
@T_Ball5 Probably not wrong,probably not wrong,-1
Physics formulas are the rendering rules,physics formulas rendering rules,0
"@NASA @NASAWebb Congratulations, this is major!",congratulations major,1
"@mims If history is any guide, not many will make it past the next recession",history guide not many make past next recession,1
"@PPathole People are able to break any laws made by humans, but none made by physics",people able break laws made humans none made physics,1
@karpathy All of reality can be simulated with ones &amp; zeroes,reality simulated ones amp zeroes,0
@stats_feed @engineers_feed Useful mass to orbit is what matters,useful mass orbit matters,1
"@lexfridman Yeah, the smarter someone is, the harder it is to simulate/predict their behavior",yeah smarter someone harder simulatepredict behavior,-1
"@engineers_feed The resolution of the universe is not smaller than Planck length
https://t.co/hoyZR4d0pP",resolution universe not smaller planck length,0
"@BillyM2k It is simulations all the way down, until you get to one bit",simulations way get one bit,0
@cleantechnica Most people still have no idea that sustainable energy generation is growing so fast,people still no idea sustainable energy generation growing fast,1
"@BillyM2k Now that the Webb telescope has been launched, they will have to spend more on rendering haha",webb telescope launched spend rendering haha,1
@CSmithson80 @heydave7 @BLKMDL3 @mims This chart is a big deal,chart big deal,0
"@BLKMDL3 @mims Predicting macroeconomics is challenging, to say the least. My gut feel is maybe around spring or summer 2022, but not later than 2023.",predicting macroeconomics challenging say least gut feel maybe around spring summer not later,1
"@DimaZeniuk @klwtts @TeslaClubNorway @WholeMarsBlog @SawyerMerritt @1stMarsColonist @daelmor @Kristennetten @28delayslater @Inelonwetrust__ @billhuang688 @EvaFoxU @GailAlfarATX As goes Norway, so goes the world. That said, still a long way to go to replace the fleet of combustion vehicles on the road.",goes norway goes world said still long way go replace fleet combustion vehicles road,-1
@SawyerMerritt Ashok was the first person recruited from my tweet saying that Tesla is starting an Autopilot team!,ashok first person recruited tweet saying tesla starting autopilot team,1
"@GailAlfarATX @SawyerMerritt Wow, working on this problem has soaked up a lot of my time &amp; brain cycles over the past ~7 years! This and Starship engines are currently the two hardest problems.",wow working problem soaked lot time amp brain cycles past years starship engines currently two hardest problems,-1
@SirineAti @engineers_feed FAA approval is the schedule driver. Their latest update says end of February.,faa approval schedule driver latest update says end february,1
The @SkepticsGuide book is üëç,book,0
"Interesting
https://t.co/548FHpnnxU",interesting,1
@BillyM2k @jack @gladstein @rahilla @farokh @samkazemian @TheSmarmyBum @ethereum That‚Äôs why I‚Äôm pro Doge,thats im pro doge,0
@BLKMDL3 Good idea,good idea,1
Tesla holiday software update goes to wide release today!,tesla holiday software update goes wide release today,-1
"Lots of Tesla cars to deliver before year end! Your support in taking delivery is much appreciated. 

Thanks also to the Tesla team working hard during the holidays!",lots tesla cars deliver year end support taking delivery much appreciated thanks also tesla team working hard holidays,1
"10.8 looks good, rolling out today",looks good rolling today,1
@nichegamer It‚Äôs good,good,1
"Whereas radar has trouble seeing small pedestrians, they‚Äôre obvious to Tesla vision",whereas radar trouble seeing small pedestrians theyre obvious tesla vision,-1
@WholeMarsBlog And many other things,many things,1
@GerberKawasaki A lot will be added,lot added,0
@WholeMarsBlog Tesla is technically a car like an iPhone is technically a phone,tesla technically car like iphone technically phone,0
@cyantist It was a shamefully low blow from WSJ,shamefully low blow wsj,0
@nurodev Disney restricted us to US only,disney restricted us us,0
"@Tesmanian_com ‚ÄúHistory is written by the victors‚Äù except on Wikipedia, as your enemies are still alive &amp; have lots of time on their hands ü§£ü§£",history written victors except wikipedia enemies still alive amp lots time hands,1
"@JeffTutorials Yes, but if we find unexpected bugs, release might be delayed until 24th",yes find unexpected bugs release might delayed th,1
@Tesmanian_com My wiki is such a dumpster fire ü§£ü§£. That‚Äôs how you know it isn‚Äôt curated.,wiki dumpster fire thats know isnt curated,0
"@scottwww @realrobcopeland Yeah, I didn‚Äôt have a house in the Bay Area for over a decade, despite spending half the week there",yeah didnt house bay area decade despite spending half week,-1
@PPathole @Tesla That was a crazy tough year. Tesla financing closed at 6pm Christmas Eve ‚Äì last hour of the last day possible. Payroll would otherwise have bounced two days after Christmas.,crazy tough year tesla financing closed pm christmas eve last hour last day possible payroll would otherwise bounced two days christmas,-1
"@davidjkon @Tesmanian_com No, that‚Äôs some tool with senior editor privileges who keeps putting that there",no thats tool senior editor privileges keeps putting,0
Has anyone seen web3? I can‚Äôt find it.,anyone seen web cant find,0
@BillyM2k Just keep going. It‚Äôs in there somewhere. https://t.co/jSLEIcXji1,keep going somewhere,0
@JayinShanghai Sometime in 2022,sometime,0
100th SpaceX rocket landing was today,th spacex rocket landing today,0
ü§£ü§£ True. Ask your airline for Starlink!,true ask airline starlink,1
@PPathole @SpaceX Absolutely,absolutely,1
Tesla holiday software release being tested with internal owners today. Broader rollout starts tomorrow evening.,tesla holiday software release tested internal owners today broader rollout starts tomorrow evening,0
@jack m something something,something something,0
@PPathole Still kinda hard to believe it is working,still kinda hard believe working,-1
@harald_murphy @SpaceX @Tesla @Jays200 A lot of improvement still coming just from software updates to satellites &amp; terminals,lot improvement still coming software updates satellites amp terminals,0
@Gfilche It‚Äôs a great whistle!,great whistle,1
@imoriginalankit Maybe I‚Äôm partly Chinese!,maybe im partly chinese,0
@WholeMarsBlog This assumes completion of the 10b sales,assumes completion b sales,0
"@BillyM2k With Starlink, you could stream video &amp; play online games",starlink could stream video amp play online games,0
@Erdayastronaut I talked about Falcon 9 &amp; Heavy for over a decade!,talked falcon amp heavy decade,-1
"@DanCrenshawTX Agreed. Taxes do need to be collected, but what is the best way to do this that maximizes area under the curve of the happiness of the people?",agreed taxes need collected best way maximizes area curve happiness people,1
@teslatidbits @WholeMarsBlog @DanCrenshawTX A strong bias towards consumption tax makes sense,strong bias towards consumption tax makes sense,1
@daelmor @BillyM2k @DanCrenshawTX ü§£ People who don‚Äôt create products &amp; services don‚Äôt realize that it takes hard work to produce products &amp; services,people dont create products amp services dont realize takes hard work produce products amp services,-1
"@cleantechnica Pure vision, especially when using explicit photon count, is much better than radar+vision, as the latter has too much ambiguity ‚Äì when radar &amp; vision disagree, it is not clear which one to believe",pure vision especially using explicit photon count much better radarvision latter much ambiguity radar amp vision disagree not clear one believe,1
"@WholeMarsBlog We‚Äôre aiming for a significant improvement for owners outside the US around March, depending on regulatory approvals",aiming significant improvement owners outside us around march depending regulatory approvals,1
Should be taught to all at a young age https://t.co/GlVkjcdhah,taught young age,1
Better resolution https://t.co/SMFFVBANhA,better resolution,1
traceroute woke_mind_virus,traceroute wokemindvirus,0
"Given the almost unimaginable nature of the present, what will the future be? https://t.co/b2Yw0AXGVA",given almost unimaginable nature present future,0
"For those wondering, I will pay over $11 billion in taxes this year",wondering pay billion taxes year,0
Silco &amp; Jinx headline Coachella?,silco amp jinx headline coachella,0
@lexfridman Yeah,yeah,0
"I‚Äôm not suggesting web3 is real ‚Äì seems more marketing buzzword than reality right now ‚Äì just wondering what the future will be like in 10, 20 or 30 years. 2051 sounds crazy futuristic!",im not suggesting web real seems marketing buzzword reality right wondering future like years sounds crazy futuristic,-1
@staciet8 Absolutely,absolutely,1
@F9Block5 Coming,coming,0
@BLKMDL3 Probably,probably,0
@WorldAndScience Might very well be,might well,0
@heydave7 That matches my understanding,matches understanding,0
@Erdayastronaut @SkepticsGuide Sounds like a good book,sounds like good book,1
@GailAlfarATX @peterdog15 @Tesla Tesla will hold a Giga Texas grand opening party with factory tours for the community in early 2022,tesla hold giga texas grand opening party factory tours community early,1
@AdamCuker @SpaceX All Raptor 2 tests going forward,raptor tests going forward,0
"@BLKMDL3 10.8 is close, so just jumping to that",close jumping,0
"@wintonARK It may, especially in our galaxy at this time",may especially galaxy time,0
@NASASpaceflight Still aiming for booster 4 &amp; Ship 20 for first orbital test flight (this is pure coincidence!),still aiming booster amp ship first orbital test flight pure coincidence,1
@stevenmarkryan @neuralink Words are very lossy compression of thoughts,words lossy compression thoughts,0
@SenSanders [ahem],ahem,0
Tesla FSD 10.8 plus holiday fun software release probably Tuesday,tesla fsd plus holiday fun software release probably tuesday,1
@CathieDWood Interesting,interesting,1
@briannalyman2 (Lack of) Joy Reid is a lobbyist for Sen Karen,lack joy reid lobbyist sen karen,1
@heydave7 @JohnnaCrider1 @SenWarren @buckporno The great state of Massachusetts deserves someone better,great state massachusetts deserves someone better,1
@Space__Biscuit @NASASpaceflight 15 degrees,degrees,0
"@itsALLrisky Wow, this video took a lot of work!",wow video took lot work,1
@BBC_Future This is a big deal,big deal,0
"@JohnnaCrider1 Yeah, I mean seriously wth!!",yeah mean seriously wth,-1
Each Raptor 1 engine above produces 185 metric tons of force. Raptor 2 just started production &amp; will do 230+ tons or over half a million pounds of force.,raptor engine produces metric tons force raptor started production amp tons half million pounds force,-1
@JeanMar49190094 @teslaownersSV It might be,might,0
@BTC_Archive @SenSanders Is there anything more tragic than unrequited love?,anything tragic unrequited love,-1
"@johnkrausphotos @NASASpaceflight Haha, this is not even its final form! Although, pretty close. 

Cape is hopefully this summer.",haha not even final form although pretty close cape hopefully summer,1
"@sagemanfx @BillyM2k I saw it. Whoa, pretty dark! Nice Bladerunner reference.",saw whoa pretty dark nice bladerunner reference,1
"@jhall Wait, people *pay* him to speak lmaooo",wait people pay speak lmaooo,0
"@NASASpaceflight Yup. Next booster will have 33 Raptor 2 engines, with 13 steering. 

Ship is being upgraded to 9 engines (3 sea-level gimbaling, 6 vacuum fixed) with increased propellant load.",yup next booster raptor engines steering ship upgraded engines sealevel gimbaling vacuum fixed increased propellant load,1
@StianWalgermo @TeslaCharging @Tesla @WholeMarsBlog @TeslaClubNorway Trondheim sounds cool,trondheim sounds cool,1
"@EvaFoxU @cnunezimages Still much to be done, but it has that potential",still much done potential,1
@nichegamer Add some tats -&gt; hipster xenomorph,add tats gt hipster xenomorph,0
"@William_Blake @peterthiel @mlevchin @DavidSacks @reidhoffman I haven‚Äôt read the book, but Soni‚Äôs questions were incredibly insightful &amp; his attention to detail was superlative",havent read book sonis questions incredibly insightful amp attention detail superlative,1
Sometimes it‚Äôs just better to make pizza at home,sometimes better make pizza home,1
"Twitter has a bookmark function accessible through share button on tweet. 

To read bookmarks, tap profile icon.

This obscure UI will be fixed in Jan.",twitter bookmark function accessible share button tweet read bookmarks tap profile icon obscure ui fixed jan,1
@MuskUniversity Absolutely,absolutely,1
"@stillgray To the best of my knowledge, I have never met him, nor was I at that Halloween party in Romania",best knowledge never met nor halloween party romania,1
"Unlike likes, bookmarks are private",unlike likes bookmarks private,0
Easy to create folders to bookmark tweets into various categories,easy create folders bookmark tweets various categories,-1
"@WholeMarsBlog Agreed, update coming in Jan",agreed update coming jan,0
@pmarca Piketty is a misanthrope,piketty misanthrope,1
@drefanzor @oadegbolamdphd @fahmialalam On the list,list,0
"@ScottAdamsSays @Mediaite Yeah, this is silly. I love your work!",yeah silly love work,1
"@WholeMarsBlog Yup, should be the best deal in town!",yup best deal town,1
@oadegbolamdphd @fahmialalam Absolutely,absolutely,1
@jpr007 I‚Äôd like to thank the people of Norway again for their incredible support of electric vehicles. Norway rocks!! üá≥üá¥,id like thank people norway incredible support electric vehicles norway rocks,1
@teslaownersSV @Tesla Long-term fundamentals are extremely strong. Short-term market madness is unpredictable.,longterm fundamentals extremely strong shortterm market madness unpredictable,1
@alex_avoigt Please take both of those sentences fully to heart!,please take sentences fully heart,0
"@TimRunsHisMouth @ZaleskiLuke Exactly! I am obviously ‚Äúmoderate wing‚Äù, except as viewed by the far left.",exactly obviously moderate wing except viewed far left,1
@WholeMarsBlog Tesla Megapack (and Powerwall) will make a massive difference to achieving a sustainable energy future for Earth!,tesla megapack powerwall make massive difference achieving sustainable energy future earth,0
"@hodgetwins @TheBabylonBee Key test for authenticity is how someone is in live back &amp; forth discussion where canned speeches don‚Äôt work, eg Twitter Spaces. Has she done anything like that?",key test authenticity someone live back amp forth discussion canned speeches dont work eg twitter spaces done anything like,1
"@Rainmaker1973 @paulg Sorry, this incorrect tagging should be fixed within a month or two",sorry incorrect tagging fixed within month two,-1
"@teslaownersSV It‚Äôs good to switch back &amp; forth. As we improve Twitter AI, recommended tweets, lists &amp; topics will become awesome.",good switch back amp forth improve twitter ai recommended tweets lists amp topics become awesome,1
@PeterDiamandis Sooner,sooner,0
@TrungTPhan Pretty much,pretty much,1
@gunsnrosesgirl3 ‚ÄúYou‚Äôre not an NPC‚Äù,youre not npc,0
"New Twitter navigation coming in Jan that allows swiping to side to switch between recommended &amp; followed tweets, trends, topics, etc.

Until then, tap stars icon on upper right of home screen to switch.",new twitter navigation coming jan allows swiping side switch recommended amp followed tweets trends topics etc tap stars icon upper right home screen switch,1
@TheBabylonBee The sheer amount of brand awareness achieved by Greta within a few years is astounding. I think she‚Äôs cool tbh.,sheer amount brand awareness achieved greta within years astounding think shes cool tbh,1
@suhel Lists too,lists,0
@RichardDawkins The woke mind virus is penetrating the firewalls of some of the world‚Äôs smartest meat computers at a prodigious rate!,woke mind virus penetrating firewalls worlds smartest meat computers prodigious rate,0
"@jasondebolt Twitter gives you immediate news from the actual sources themselves vs filtered, hidden-agenda ‚Äúnews‚Äù that is days old",twitter gives immediate news actual sources vs filtered hiddenagenda news days old,1
@ggreenwald @kattenbarge Their fiction isn‚Äôt even good!,fiction isnt even good,1
@neiltyson I would‚Äôve expected more center,wouldve expected center,-1
@DowJonesAl Notable corrections deserve credit!,notable corrections deserve credit,1
"@FelixSchlang @BillyM2k @mishaboar @StonksReddit That would be ironic, since I am literally the single biggest supporter of Ukraine outside of major governments.

The peace plan I proposed was for the benefit of Ukraine. This will become utterly obvious, if it isn‚Äôt already.",would ironic since literally single biggest supporter ukraine outside major governments peace plan proposed benefit ukraine become utterly obvious isnt already,1
@BillyM2k @mishaboar @StonksReddit Do they give reasons?,give reasons,0
"@PeterDiamandis AI safety is a real concern!
https://t.co/9HpZtAyHIH",ai safety real concern,1
"@darew265 @BillyM2k @mishaboar @StonksReddit BYOTP! Lol, it was true for half a day.",byotp lol true half day,1
@MarcusYafeelus @matthewloop @ScottAdamsSays Better hustle with the Mars rockets!,better hustle mars rockets,1
"@cb_doge @BillyM2k Yeah, icon placement &amp; visual cues are not great",yeah icon placement amp visual cues not great,1
@JerryDunleavy creepy,creepy,-1
@ScottAdamsSays Use https://t.co/2NjvMTsWmj if need be,use need,0
@universal_sci Carbs rock,carbs rock,0
@nuzushop Is this a scam?,scam,0
@KanekoaTheGreat Interesting thread,interesting thread,1
@cb_doge @ScottAdamsSays Not enough,not enough,0
@JerryDunleavy Maybe he just loves looking at science?,maybe loves looking science,0
@Jiu_Jase @WholeMarsBlog Exactly,exactly,1
"@ScottAdamsSays It‚Äôs not some illuminati plot to destroy humanity, but rather an extension of the well-meaning environmental sustainability movement that has gone too far",not illuminati plot destroy humanity rather extension wellmeaning environmental sustainability movement gone far,-1
"@ScottAdamsSays This is neither a ‚Äúright‚Äù nor a ‚Äúleft‚Äù issue. 

Run antivirus software in your brain.",neither right nor left issue run antivirus software brain,1
@WholeMarsBlog Cocaine does not meet that test,cocaine not meet test,0
"@ScottAdamsSays It is a very common sentiment, mostly implicit, sometimes explicit https://t.co/8JUc7eDZe4",common sentiment mostly implicit sometimes explicit,1
"@ScottAdamsSays My reason for declining the Davos invitation was not because I thought they were engaged in diabolical scheming, but because it sounded boring af lol",reason declining davos invitation not thought engaged diabolical scheming sounded boring af lol,-1
"@ScottAdamsSays I don‚Äôt think we should divide issues semi-randomly into ‚Äúleft‚Äù and ‚Äúright‚Äù tribes, as it inhibits critical thinking.

The idea that there are too many people generally stems from the axiomatic flaw that Earth‚Äôs environment can‚Äôt sustain its current population.",dont think divide issues semirandomly left right tribes inhibits critical thinking idea many people generally stems axiomatic flaw earths environment cant sustain current population,1
"@WholeMarsBlog I am not endorsing drugs, but I am saying that the evidence suggests that banning them is a net societal negative",not endorsing drugs saying evidence suggests banning net societal negative,-1
"@RessaminCiragi @ScottAdamsSays @borsaressami I will inquire. We really need to roll out the feature showing why an account was suspended or visibility filtered 
(aka ghostbanned). Will happen in Jan.",inquire really need roll feature showing account suspended visibility filtered aka ghostbanned happen jan,1
"@WholeMarsBlog To assess if a drug is good, whether legal or illegal, the acid test is being able to say: 

[blank] made me a better person.",assess drug good whether legal illegal acid test able say blank made better person,1
New Twitter will strive to optimize unregretted user-minutes,new twitter strive optimize unregretted userminutes,1
@TeslaAIBot Thanks Optimus ü§ñ ‚ô•Ô∏è,thanks optimus,1
Significant backend server architecture changes rolled out. Twitter should feel faster.,significant backend server architecture changes rolled twitter feel faster,1
"@slashdot Originally, Superman III https://t.co/nv4AQ5oa7T",originally superman iii,1
"New Twitter policy is to follow the science, which necessarily includes reasoned questioning of the science",new twitter policy follow science necessarily includes reasoned questioning science,1
@BillFOXLA Whoa,whoa,0
Launch 61 of 2022. Congrats SpaceX!,launch congrats spacex,0
@dogeofficialceo Accurate lol,accurate lol,1
@WallStreetSilv Can‚Äôt tell if satire or real,cant tell satire real,1
@TeslaLarry Sensible thread!,sensible thread,0
@BillyM2k @greg16676935420 Works for me,works,0
@Hooters @WallStreetSilv Phew,phew,0
"@RBReich Agreed, reduced competition is not good for the people",agreed reduced competition not good people,1
@SethDillon Being pro humanity is speciesist!,pro humanity speciesist,0
@GadSaad Anyone who says that questioning them is questioning science itself cannot be regarded as a scientist,anyone says questioning questioning science not regarded scientist,0
@PeterDiamandis Synthetic mRNA has incredible potential!,synthetic mrna incredible potential,1
"@WholeMarsBlog Banning alcohol caused the biggest rise in organized crime in American history. 

That was dumb.

Same logic applies to other drugs. Alcohol is just a legacy drug.",banning alcohol caused biggest rise organized crime american history dumb logic applies drugs alcohol legacy drug,-1
I‚Äôm not brainwashed!! https://t.co/4kx61uu4yy,im not brainwashed,0
"@sevensixfive @DanielleFong I‚Äôm not cis, you are",im not cis,0
@stillgray Really?,really,1
@ElGrecoSF And you have tiny testicles!,tiny testicles,0
@TrungTPhan omg lol,omg lol,1
@JohnnaCrider1 Agreed,agreed,0
Congratulations SpaceX Falcon team on 60 successful launches this year!!,congratulations spacex falcon team successful launches year,1
@SquawkCNBC @axios @hopeking The legacy media should worry about its reputation. We have only just begun.,legacy media worry reputation begun,0
"@DanielleFong Yeah, I‚Äôm not a fan of pronouns when someone is giving every possible visual cue for he or she, but then still insists on telling you exactly what you expect. 

I do support pronouns that aren‚Äôt completely obvious based on visual cues.",yeah im not fan pronouns someone giving every possible visual cue still insists telling exactly expect support pronouns arent completely obvious based visual cues,1
@itsmekimmyjo_ @pmarca Really? @tiktok_us,really,1
@PhillipsNanl @theyvonnesayers @pmarca Concerning,concerning,0
"@pmarca Despite these glaring issues, Twitter nonetheless had an internal Slack channel unironically called ‚ÄúFauci Fan Club‚Äù ü§Ø",despite glaring issues twitter nonetheless internal slack channel unironically called fauci fan club,0
@PeterDiamandis The AIs will write each other lots of emails!,ais write lots emails,0
@UsmanZiyadKp Exactly. Why would anyone trust corpo journalism?,exactly would anyone trust corpo journalism,1
@pmarca I invite @CommunityNotes to correct or amend this thread,invite correct amend thread,0
"@BillyM2k No matter how smart someone is, they are always some % wrong",no matter smart someone always wrong,-1
"@Z3RO_Y34R @pmarca ‚ÄúGain-of-function‚Äù should be called ‚Äúbioweapon‚Äù research, as the function referred is death! 

What was the name changed to this time?",gainoffunction called bioweapon research function referred death name changed time,0
@stillgray Free phones to report themselves and they never even call to say hi üò¢,free phones report never even call say hi,1
@eyeslasho Hitchens was amazing,hitchens amazing,1
@WallStreetSilv Exactly!,exactly,1
@Johnmc42069 @WallStreetSilv True,true,1
@BillyM2k Exactly,exactly,1
@dogeofficialceo Accurate,accurate,1
@farzyness A miscarriage of justice,miscarriage justice,0
@WholeMarsBlog üòÇ seriously,seriously,-1
@davewolfusa @Tesla @SpaceX Exactly,exactly,1
@chamath Wow yeah,wow yeah,1
@JonErlichman Time is the true currency,time true currency,1
@mysteriouskat I agree,agree,0
@mysteriouskat Good point,good point,1
@WallStreetSilv That is the cycle,cycle,0
@WalterIsaacson I think you‚Äôre right,think youre right,1
@mysteriouskat Even better point,even better point,1
"@Teslaconomics We like to put little fun Easter eggs our cars. Small, unexpected delights are part of what makes life worth living.",like put little fun easter eggs cars small unexpected delights part makes life worth living,1
@MuskUniversity Can someone please make this parody? It would be so good ü§£,someone please make parody would good,1
"@WallStreetSilv People often incorrectly think health care is a matter of money, but it is actually a matter of doctors per capita. 

Unless there is a magic doctor factory somewhere, it takes ~30 years from birth to educate a doctor. 

So what will actually happen is a rapid decline in",people often incorrectly think health care matter money actually matter doctors per capita unless magic doctor factory somewhere takes years birth educate doctor actually happen rapid decline,1
"@MuskUniversity Disney‚Äôs entire market cap right is just the parks. Investors are valuing everything else as neutral to negative, for good reason. 
https://t.co/vYeCPNqxCF",disneys entire market cap right parks investors valuing everything else neutral negative good reason,1
@pmarca Never trust a cynic ‚Äì they excuse their bad behavior with the rationale that ‚Äúeveryone does it‚Äù,never trust cynic excuse bad behavior rationale everyone,-1
Night and day difference https://t.co/7WUaRHeNqt,night day difference,0
"We should be ending racism in America, not substituting one form for another!",ending racism america not substituting one form another,0
"Almost no one seems to be aware of the immense size and lightning growth of this issue. 

According to the mayors, it is already overwhelming essential services in New York, Chicago and other cities.",almost no one seems aware immense size lightning growth issue according mayors already overwhelming essential services new york chicago cities,1
@EndWokeness Good!,good,1
@cb_doge @MrBeast Yeah,yeah,0
@realchrisrufo Exactly,exactly,1
@ZubyMusic I think you‚Äôre probably right,think youre probably right,1
@ICannot_Enough Agreed,agreed,0
@NAGUAR2010 True,true,1
@austinbarnard45 You‚Äôre welcome üòÄ,youre welcome,1
@WhatsupFranks Sorry it took so long,sorry took long,-1
"@chazman @cybertruck Cybertruck is necessarily lowest priority for FSD, as there only a few hundred Cybertruck in the field compared to ~5 million other Teslas",cybertruck necessarily lowest priority fsd hundred cybertruck field compared million teslas,0
"@jeffskoll @SpaceX @Starlink Thanks Jeff, my old friend!",thanks jeff old friend,1
@MarcusHouse The next stage of the Starship program should be called The Two Towers,next stage starship program called two towers,0
@dinkin_flickaa Big improvements already and more to come!,big improvements already come,0
"@teslaownersSV As I say though, exceptional execution is needed for this. It will *not* happen ‚Äúby itself‚Äù.",say though exceptional execution needed not happen,1
"@BasedBeffJezos If all goes well, that will be an option",goes well option,0
"@ChrisDungeon While certainly not perfect, my batting average for most predictions is quite good. 

My schedule optimism, without which I probably wouldn‚Äôt even have tried to do many endeavors, gets the best of me sometimes, but I always deliver in the end.",certainly not perfect batting average predictions quite good schedule optimism without probably wouldnt even tried many endeavors gets best sometimes always deliver end,1
"Starship will make life as we know it multiplanetary for the first time in Earth‚Äôs ~4.5 billion year existence 
 https://t.co/G7lJo3gckz",starship make life know multiplanetary first time earths billion year existence,1
Just completed static fire test of Flight 3 Super Heavy Booster https://t.co/m0n8RooOlA,completed static fire test flight super heavy booster,1
"Next week, I will do a company talk for SpaceX, followed later by a company talk for Tesla after the 10K. 

I will recap the talented team‚Äôs amazing accomplishments of 2023 and describe exciting plans for 2024 and beyond!

These will be posted publicly to @SpaceX and @Tesla.",next week company talk spacex followed later company talk tesla k recap talented teams amazing accomplishments describe exciting plans beyond posted publicly,1
"@WholeMarsBlog I stand by my prediction that, if Tesla executes extremely well over the next 5 years, that the long term value could exceed Apple and Aramco combined",stand prediction tesla executes extremely well next years long term value could exceed apple aramco combined,-1
To give you a sense of the immense and growing size of illegal immigration!,give sense immense growing size illegal immigration,-1
"Just a reminder to organizations and individuals to add your best content to the Highlights section of your profile.

This is especially helpful for highlighting your important replies, which are hard to find in the current system.",reminder organizations individuals add best content highlights section profile especially helpful highlighting important replies hard find current system,1
6 times as many links as humans!,times many links humans,1
@stclairashley True,true,1
@stillgray Definitely,definitely,0
@cb_doge Thanks ü§£ü§£,thanks,1
@johnkrausphotos Great year,great year,1
@fentasyl Exactly,exactly,1
@WholeMarsBlog Coming soon,coming soon,0
@bevedoni He is utterly wrong,utterly wrong,-1
"@NicklasNilsso14 Yayüá∏üá™ Sweden üá∏üá™ !!

Thanks to the excellent Tesla team in Sweden!",yay sweden thanks excellent tesla team sweden,1
@tunguz Can‚Äôt spelling economics without ‚Äúcon‚Äù,cant spelling economics without con,0
@shaunmmaguire It just in order to build a self-sustaining city on Mars,order build selfsustaining city mars,0
"@dogeofficialceo Good to hear. 

More improvements coming!",good hear improvements coming,1
Falcon Heavy ascent &amp; boosters landing https://t.co/R5X6qYAnYN,falcon heavy ascent amp boosters landing,-1
Amazing,amazing,1
@WholeMarsBlog Yahoo news is unreadable üí©,yahoo news unreadable,0
@BillMelugin_ This is insane,insane,-1
@RepThomasMassie Interesting,interesting,1
@WholeMarsBlog It is increasingly clear that all roads lead to AGI. Tesla is building an extremely compute-efficient mini AGI for FSD.,increasingly clear roads lead agi tesla building extremely computeefficient mini agi fsd,-1
@chamath True,true,1
@Culture_Crit Seriously,seriously,-1
@johnpisaniphoto @considercosmos We will return to the moon soon,return moon soon,0
@TMZLive @jkundert TMZ is underrated,tmz underrated,0
"@Not_the_Bee The mayor of New York, who is a Democrat, is saying in the strongest possible terms that his city‚Äôs services are collapsing under the strain of so many illegal immigrants! 

They have run out of hotel rooms. Where are they meant to live?",mayor new york democrat saying strongest possible terms citys services collapsing strain many illegal immigrants run hotel rooms meant live,1
@gigafactories Congrats on a great year by all Tesla factories!,congrats great year tesla factories,1
@NovareProject Starship is a whole new level,starship whole new level,1
@JonErlichman Asimov was amazing. His Foundation books were an inspiration for the need to make life multiplanetary while civilization is still strong.,asimov amazing foundation books inspiration need make life multiplanetary civilization still strong,1
"@FutureJurvetson @SpaceX And, if all goes well, SpaceX‚Äôs total launch mass to orbit will increase ~50% next year, not including Starship",goes well spacexs total launch mass orbit increase next year not including starship,0
"@DanaEn803 @arstechnica @SciGuySpace The super heavy booster can be used more frequently than the ship, as it returns in about ~6 minutes and can theoretically be ready for reflght in an hour. 

The ship needs to complete at least one orbit, but often several to have the ground track line back up with the launch",super heavy booster used frequently ship returns minutes theoretically ready reflght hour ship needs complete least one orbit often several ground track line back launch,1
Completed Tier 25 AoZ with a lot of help :) https://t.co/8r3RhNEZqx,completed tier aoz lot help,1
Don‚Äôt Look Up https://t.co/jC7gdjtcAe,dont look,0
@cb_doge Finally https://t.co/jWpLYy8mz1,finally,0
Congrats to the SpaceX team on achieving 96 launches in 2023!,congrats spacex team achieving launches,0
@DrKnowItAll16 Absolutely,absolutely,1
@shaunmmaguire True,true,1
@JonErlichman Interesting,interesting,1
@BillyM2k üòÇ so may times,may times,0
@SawyerMerritt He has the wrong frame of reference. Tesla is an AI/robotics company.,wrong frame reference tesla airobotics company,-1
@all_in_tok @BrendanCarrFCC ‚ÄúJust a coincidence‚Äù,coincidence,0
@DavidSacks Many deaths could have been avoided,many deaths could avoided,1
"@AlexJonesMW3 @X Yup, we‚Äôre working on it",yup working,0
"@TeslaSynopsis It is already on a lot of cars, but, given that is a completely new architecture, we are doing extra testing.

It works very well in California, but needs more training for heavy precipitation areas.",already lot cars given completely new architecture extra testing works well california needs training heavy precipitation areas,-1
@MikeBenzCyber @DavidSacks Bombastic bonehead in extremis,bombastic bonehead extremis,0
@SawyerMerritt This false story was parroted by hundreds of publications worldwide,false story parroted hundreds publications worldwide,-1
"@Albz321 Yes, we are adding the ability to attach rich text docs",yes adding ability attach rich text docs,1
"@MikeBenzCyber You cannot be weak, but I strongly disagree. ‚ÄúAn eye for an eye‚Äù is foolish and primitive, leading to an endless cycle of retribution.",not weak strongly disagree eye eye foolish primitive leading endless cycle retribution,-1
@DrKnowItAll16 @TMZ @HarveyLevinTMZ TMZ has higher journalistic standards than most ‚Äúmainstream‚Äù publications,tmz higher journalistic standards mainstream publications,1
"@sundeep @pmarca That used to be true, but these days the losers are very much alive and have a lot of time on their hands to edit Wikipedia!",used true days losers much alive lot time hands edit wikipedia,1
