Tweet_count,Username,Text,Created At,Retweets,Likes,sentiment
1,Elon Musk,Excited to have Larry Ellison &amp; Kathleen Wilson-Thompson join the Tesla board! https://t.co/CQyvkgsCsT,Fri Dec 28 18:16:38 +0000 2018,1979,32335,positive
2,Elon Musk,When one of the interns working on the simulation drops the ball ‚Ä¶,Sun Dec 30 19:15:42 +0000 2018,7194,58299,neutral
3,Elon Musk,@5AllanLeVito Got it üòÄüá∫üá¶,Thu Dec 27 03:48:39 +0000 2018,370,2435,positive
4,Elon Musk,"Yes. Supercharger coverage will extend to 100% of Europe next year. From Ireland to Kiev, from Norway to Turkey.",Wed Dec 26 20:16:50 +0000 2018,1649,15164,neutral
5,Elon Musk,@demishassabis Congratulations,Thu Dec 27 06:17:17 +0000 2018,102,4060,positive
6,Elon Musk,Reminder to US buyers that the $7500 tax credit cuts in half in 5 days! Order online at https://t.co/46TXqRrsdr to see if there is any inventory left in your region or visit Tesla stores.,Wed Dec 26 18:51:47 +0000 2018,1052,11144,neutral
7,Elon Musk,"@Grimezsz Turns out if you take Dayquil, you exit The Matrix",Sun Dec 30 19:27:46 +0000 2018,823,12691,neutral
8,Elon Musk,@westcoastbill Tesla team did a great job!,Thu Dec 27 21:00:00 +0000 2018,121,3308,positive
9,Elon Musk,@ckgaparajita Coming soon,Thu Dec 27 04:03:45 +0000 2018,9,450,neutral
10,Elon Musk,"Most people don‚Äôt know that the Tesla Supercharger network allows easy long distance travel throughout USA, most of Europe, Canada and China https://t.co/ZzN9Tabq8C",Wed Dec 26 19:47:21 +0000 2018,1133,13125,neutral
11,Elon Musk,"Good summary of Tesla progress in 2018 by @cleantechnica (due to Tesla team, not me though) https://t.co/vZgYts9auG via @cleantechnica",Mon Dec 31 02:27:59 +0000 2018,804,8017,positive
12,Elon Musk,"@JT_Richards @MMelinot @chuckyyyd This is incorrect. Vast majority of vehicle motion is returned to the battery, as the electric motors act like a generator in reverse. Brake pads on a Tesla literally never need to be replaced for lifetime of the car.",Wed Dec 26 19:31:08 +0000 2018,481,5891,negative
13,Elon Musk,"And, because electricity costs much less than gasoline, a Model 3 can cost about $1000 less per year to operate. Because it‚Äôs electric, there are no oil changes, smog checks, tuneups, fuel filter, or brake pad replacements.",Wed Dec 26 19:09:28 +0000 2018,1573,16017,neutral
14,Elon Musk,"Most importantly, every electric car, Tesla or otherwise, matters to the environment we all share. Every time someone chooses electric, the future gets a little bit brighter!

If not Tesla, please take a look at these other options:
https://t.co/FZVNlGWYgA",Wed Dec 26 19:23:56 +0000 2018,1877,16785,positive
15,Elon Musk,"There are also many state &amp; local incentives, for example California offers $2500, plus $800 from utilities &amp; access to carpool lane, Colorado $4000, etc https://t.co/lmD3ZNFR9M",Wed Dec 26 18:57:56 +0000 2018,357,3993,neutral
16,Elon Musk,@13ericralph31 @AwakenedParadi1 @demishassabis Probability at 60% &amp; rising rapidly due to new architecture,Thu Dec 27 06:46:44 +0000 2018,57,919,neutral
17,Elon Musk,@Ben757677 @vincent13031925 Thanks Tesla owners in China! Looking forward to visiting soon for the groundbreaking of Gigafactory Shanghai!,Sun Dec 30 20:08:16 +0000 2018,114,2502,positive
18,Elon Musk,@EcoHeliGuy @13ericralph31 @NCBirbhan @AwakenedParadi1 @demishassabis Time. Although it also turned out to be dramatically better.,Thu Dec 27 07:07:55 +0000 2018,27,739,positive
19,Elon Musk,"@motorsep Definitely. All major highways in Texas will have Superchargers, all the way to Brownsville &amp; across Mexico.",Wed Dec 26 20:23:01 +0000 2018,28,759,neutral
20,Elon Musk,@martinmeany We are dramatically increasing Tesla Superchargers within cities &amp; working with landlords to add home charging to apartment buildings,Wed Dec 26 19:40:53 +0000 2018,47,749,positive
21,Elon Musk,Stainless Steel Starship https://t.co/rRoiEKKrYc,Mon Dec 24 07:39:48 +0000 2018,7167,85309,neutral
22,Elon Musk,Please put ‚Äúinvented car fart‚Äù on my gravestone. This is my only request.,Sun Dec 23 04:44:57 +0000 2018,14147,142960,neutral
23,Elon Musk,Engineering is true magic,Sun Dec 23 15:36:55 +0000 2018,34107,190685,positive
24,Elon Musk,"Merry Christmas &amp; goodwill to all!!
‚õÑÔ∏è üéÑ üéÅ üéÖ üíù üòÄ",Tue Dec 25 17:52:05 +0000 2018,13125,162104,positive
25,Elon Musk,@cleantechnica Sigh,Tue Dec 25 07:07:14 +0000 2018,192,6165,negative
26,Elon Musk,@vicentes @Tesla Glad you‚Äôre ok!,Mon Dec 24 23:33:43 +0000 2018,322,23199,positive
27,Elon Musk,@Kristennetten @rokosslav @grafikhure_de @StevenHardison Maybe,Mon Dec 24 08:49:55 +0000 2018,26,1372,neutral
28,Elon Musk,@elliemecham @whatsinside Haha ü§£,Mon Dec 24 18:59:50 +0000 2018,17,784,positive
29,Elon Musk,@rokosslav @grafikhure_de @StevenHardison Much less,Mon Dec 24 08:16:36 +0000 2018,26,1419,neutral
30,Elon Musk,@LeilaniMunter @Tesla @HickoryPD @StephenAtHome @cleanairNC @cleanenergyorg @CMPD How bizarre. Sorry to hear that.,Sun Dec 23 14:35:55 +0000 2018,92,3763,negative
31,Elon Musk,Amazing space progress by China. This year they did more orbital launches than the USA for the first time.,Sun Dec 23 18:19:21 +0000 2018,2007,21253,positive
32,Elon Musk,"@lexfridman @Tesla @karpathy Thanks, hope you have a good holiday! Your insight on autonomy is excellent.",Tue Dec 25 08:12:14 +0000 2018,173,6739,positive
33,Elon Musk,@WorldAndScience Yes! People are almost always surprised to learn that Earth‚Äôs gravitational reach is infinite. ‚ÄúZero gravity‚Äù is achieved by zooming around Earth super fast until outward acceleration equals inward acceleration of gravity.,Sun Dec 23 23:35:36 +0000 2018,1839,24444,positive
34,Elon Musk,"@Erdayastronaut @13ericralph31 @grafikhure_de @StevenHardison Leeward side needs nothing, windward side will be activity cooled with residual (cryo) liquid methane, so will appear liquid silver even on hot side",Tue Dec 25 00:01:32 +0000 2018,97,1507,neutral
35,Elon Musk,@grafikhure_de @StevenHardison Starship will look like liquid silver,Mon Dec 24 23:32:48 +0000 2018,51,1082,neutral
36,Elon Musk,@grafikhure_de @StevenHardison Skin will get too hot for paint. Stainless mirror finish. Maximum relfectivity.,Mon Dec 24 08:13:53 +0000 2018,86,2560,negative
37,Elon Musk,@nextPlanetOver @WorldAndScience Which seems to be the approximate pixel size of reality,Mon Dec 24 07:34:35 +0000 2018,28,848,neutral
38,Elon Musk,@nichegamer Putting in little outward-facing speakers would open up a lot of opportunities ‚Ä¶,Sun Dec 23 05:27:14 +0000 2018,78,3751,positive
39,Elon Musk,"@StevenHardison Usable strength/weight of full hard stainless at cryo is slightly better than carbon fiber, room temp is worse, high temp is vastly better",Mon Dec 24 07:59:53 +0000 2018,102,2708,neutral
40,Elon Musk,"@AndrewSamoylich @Erdayastronaut @13ericralph31 @grafikhure_de @StevenHardison No, Raptors must be shielded during atmospheric entry. Although, maybe not ...",Tue Dec 25 08:14:13 +0000 2018,22,756,neutral
41,Elon Musk,"@Robotbeat @Jon128123 @Diver2441 @Erdayastronaut @NASASpaceflight @_Synders @John_Gardi @martinengwicht @JeromeJaccard @alan1bernard SpaceX metallurgy team developed SX500 superalloy for 12000 psi, hot oxygen-rich gas. It was hard. Almost any metal turns into a flare in those conditions.",Sun Dec 23 03:40:58 +0000 2018,91,1065,neutral
42,Elon Musk,@BENBALLER Thanks!,Sun Dec 23 01:15:57 +0000 2018,47,1026,positive
43,Elon Musk,@thescalex @Jonas123denmark @Erdayastronaut @NASASpaceflight @JeromeJaccard @Robotbeat @alan1bernard Exactly,Sat Dec 22 22:50:21 +0000 2018,16,723,neutral
44,Elon Musk,@John_Gardi @martinengwicht @Erdayastronaut @NASASpaceflight @JeromeJaccard @Robotbeat @alan1bernard Coldformed at cryo,Sat Dec 22 22:56:48 +0000 2018,20,769,negative
45,Elon Musk,"@Erdayastronaut @NASASpaceflight @_Synders @John_Gardi @martinengwicht @JeromeJaccard @Robotbeat @alan1bernard You def don‚Äôt want electric pumps on a rocket engine! Raptor turbopumps alone need 100,000 horsepower per engine. That‚Äôs not a typo.",Sat Dec 22 23:21:59 +0000 2018,70,1149,negative
46,Elon Musk,"@wangmeister If Tesla committed delivery &amp; customer made good faith efforts to receive before year end, Tesla will cover the tax credit difference",Sat Dec 22 19:05:57 +0000 2018,89,1206,neutral
47,Elon Musk,@MikeKasprzik @Tesla Try connecting to WiFi,Sat Dec 22 18:48:29 +0000 2018,11,410,neutral
48,Elon Musk,@NASASpaceflight @_Synders @John_Gardi @martinengwicht @Erdayastronaut @JeromeJaccard @Robotbeat @alan1bernard Yes. Radically redesigned Raptor ready to fire next month.,Sat Dec 22 23:13:27 +0000 2018,87,1402,neutral
49,Elon Musk,"@Erdayastronaut @JeromeJaccard @Robotbeat @alan1bernard Stainless steel is correct, but different mixture of alloys &amp; new architecture. Unlike Atlas, Starship is buckling stable on launchpad even when unpressurized.",Sat Dec 22 21:47:50 +0000 2018,130,1836,neutral
50,Elon Musk,"@Erdayastronaut @NASASpaceflight @_Synders @John_Gardi @martinengwicht @JeromeJaccard @Robotbeat @alan1bernard It‚Äôs embarrassing that Boeing/Lockheed need to use a Russian engine on Atlas, but that engine design is brilliant",Sat Dec 22 23:24:16 +0000 2018,164,1850,negative
51,Elon Musk,"@wangmeister It will be tight, but Tesla production should have all mid-range Model 3 orders delivered by year end",Sat Dec 22 19:01:09 +0000 2018,24,700,neutral
52,Elon Musk,"@Erdayastronaut @NASASpaceflight @_Synders @John_Gardi @martinengwicht @JeromeJaccard @Robotbeat @alan1bernard Yes, full flow, gas-gas, staged combustion. Will take us time to work up to 300 bar. That is a mad level.",Sat Dec 22 23:18:46 +0000 2018,51,1130,negative
53,Elon Musk,"@ludan27 @Erdayastronaut @JeromeJaccard @Robotbeat @alan1bernard Yes, but single stage to orbit with no payload is pointless. Add Super Heavy rocket booster &amp; orbital payload is gigantic. Only need booster on Earth, due to deep gravity well &amp; thick atmosphere. Starship alone on moons &amp; Mars.",Sat Dec 22 23:00:48 +0000 2018,52,1024,negative
54,Elon Musk,"@Erdayastronaut @NASASpaceflight @JeromeJaccard @Robotbeat @alan1bernard I will do a full technical presentation of Starship after the test vehicle we‚Äôre building in Texas flies, so hopefully March/April",Sat Dec 22 22:41:02 +0000 2018,213,2092,neutral
55,Elon Musk,"@_Synders @John_Gardi @martinengwicht @Erdayastronaut @NASASpaceflight @JeromeJaccard @Robotbeat @alan1bernard Starlink V1 on Falcon, V2+ on Starship. Basically, all future products will contain either the word ‚Äústar‚Äù or ‚Äúlink‚Äù üòÄ",Sat Dec 22 23:03:06 +0000 2018,67,1337,neutral
56,Elon Musk,"@Erdayastronaut @ludan27 @JeromeJaccard @Robotbeat @alan1bernard Seriously! We are just on the wrong planet for SSTO. Mars, no problem.",Sat Dec 22 23:06:55 +0000 2018,53,1237,negative
57,Elon Musk,"@Erdayastronaut @JeromeJaccard @Robotbeat @alan1bernard While there are some material similarities, Starship is very different from the Atlas design",Sat Dec 22 22:32:42 +0000 2018,38,1038,neutral
58,Elon Musk,"@Malcolmmarsman @TheMuddySchmuck @martinengwicht @Erdayastronaut @NASASpaceflight @JeromeJaccard @Robotbeat @alan1bernard This test hopper is at full body diameter of 9m / 30 ft, just not full height. Super Heavy will be full height &amp; diameter.",Sat Dec 22 22:54:45 +0000 2018,43,671,neutral
59,Elon Musk,"@martinengwicht @Erdayastronaut @NASASpaceflight @JeromeJaccard @Robotbeat @alan1bernard For sheet/plate, at supplier made to our spec. For cast, in our Hawthorne foundry.",Sat Dec 22 22:44:00 +0000 2018,35,875,neutral
60,Elon Musk,@Robotbeat @Jon128123 @Diver2441 @Erdayastronaut @NASASpaceflight @_Synders @John_Gardi @martinengwicht @JeromeJaccard @alan1bernard Our superalloy foundry is now almost fully operational. This allows rapid iteration on Raptor.,Sun Dec 23 03:49:28 +0000 2018,53,930,positive
61,Elon Musk,"Anxiety is a scalar, fear is a vector",Fri Dec 21 07:45:39 +0000 2018,29145,139002,neutral
62,Elon Musk,Are tunnels safe in an earthquake? https://t.co/vxcZ2Hi2qx,Wed Dec 19 19:45:10 +0000 2018,3491,33431,neutral
63,Elon Musk,Join our underground movement!,Wed Dec 19 21:53:22 +0000 2018,7331,106426,neutral
64,Elon Musk,@QuilletteM Interesting,Sat Dec 22 07:58:12 +0000 2018,1400,29926,positive
65,Elon Musk,@quantumVerd @QuilletteM @pewdiepie Only if Dawkins joins,Sat Dec 22 08:02:19 +0000 2018,424,8742,neutral
66,Elon Musk,"As a thank you to Tesla short sellers, we named a üí® after them haha https://t.co/5GCgM4RT4W",Thu Dec 20 01:20:26 +0000 2018,1410,13157,positive
67,Elon Musk,@chrinder Haha,Fri Dec 21 06:20:44 +0000 2018,66,3311,positive
68,Elon Musk,@Taraustralis Needs a warmup,Fri Dec 21 01:30:37 +0000 2018,332,10617,neutral
69,Elon Musk,Tesla phone app release next week will enable service scheduling in 2 mins with a few taps. No more need to call!,Thu Dec 20 02:49:52 +0000 2018,1066,19459,neutral
70,Elon Musk,"@JohnKasich Thanks, will consider next year",Thu Dec 20 15:35:30 +0000 2018,395,14451,positive
71,Elon Musk,@Robotbeat @michaelknaepen @ElSchumi @FredericLambert @boringcompany Exactly,Wed Dec 19 19:39:59 +0000 2018,19,422,neutral
72,Elon Musk,"Perhaps lost in the transport debate is that @boringcompany built a 6000 ft tunnel in LA for ~$10M with V1 (Godot). Next tunnel will be made with V2 (Line-Storm). V3 (Prufrock), aspirationally 10X better, should be operational next year. For reference: https://t.co/LS4EhN57Mw",Wed Dec 19 22:29:06 +0000 2018,1330,11336,neutral
73,Elon Musk,"@MattRemp Yeah, it would allow many streets to become parks and walking areas. Less concrete, more trees.",Wed Dec 19 19:36:27 +0000 2018,59,901,positive
74,Elon Musk,"@DeadstockNYC Reverse back down (using same roller guide wheels, so no skill required) &amp; tow or flatbed it out",Wed Dec 19 21:50:29 +0000 2018,10,422,neutral
75,Elon Musk,"Tesla has released all cars for sale where original customer can‚Äôt take delivery before year end, as well as test drive / display cars, which cost less.

Reminder to US buyers that $7500 tax credit drops in half in 8 days. Order online at https://t.co/46TXqRrsdr or visit stores.",Sat Dec 22 18:45:08 +0000 2018,1239,12477,neutral
76,Elon Musk,@Space_Station @AstroAnnimal @Astro_DavidS Must feel amazing up there in microgravity zooming around the Earth every 90 minutes! Hope you have a Merry Christmas!,Thu Dec 20 16:31:28 +0000 2018,253,7332,positive
77,Elon Musk,"@martinengwicht @realkrauswife Probably only need three types: straight ramp, spiral ramp &amp; elevator. Latter only for tight spaces.",Wed Dec 19 19:34:07 +0000 2018,20,511,neutral
78,Elon Musk,"@Erdayastronaut @martinengwicht @realkrauswife @Tesla The guides are basically just a wheel, a shock absorber &amp; a solenoid. Costs a few hundred dollars in volume.",Wed Dec 19 19:39:37 +0000 2018,26,689,neutral
79,Elon Musk,@EcoHeliGuy @Erdayastronaut @martinengwicht @realkrauswife @Tesla Autopilot doesn‚Äôt need the guide wheels. They‚Äôre only there if there is a complete system failure. Turns will definitely be banked in future.,Wed Dec 19 19:54:01 +0000 2018,29,544,negative
80,Elon Musk,"@nichegamer @boringcompany So long as the tunnels are spaced about one diameter apart, most of the stress will flow around them, but this won‚Äôt matter for the first few layers",Thu Dec 20 05:31:18 +0000 2018,32,787,neutral
81,Elon Musk,Tesla in @boringcompany tunnel with retractable wheel gear that turns a car into a rail-guided train &amp; back again https://t.co/3a6i0NoSmi,Wed Dec 19 03:12:59 +0000 2018,7307,49722,neutral
82,Elon Musk,Next step for @BoringCompany Loop is demonstrating high throughput at high speed. Target is 4000 vehicles/hour at 155mph (250km/h).,Wed Dec 19 19:09:16 +0000 2018,1978,23790,neutral
83,Elon Musk,"The demo ride takes you in *same* car on road, down elevator, zips through tunnel using guide wheels, up elevator at destination &amp; then drives on normal roads back to start",Wed Dec 19 03:32:14 +0000 2018,1228,20209,neutral
84,Elon Musk,@joshjob42 @flaneur @boringcompany Precisely,Wed Dec 19 03:56:56 +0000 2018,32,898,neutral
85,Elon Musk,Boring product launch will be streamed live at 8pm California time tonight https://t.co/bwRt49d34V,Tue Dec 18 22:14:35 +0000 2018,2202,18194,neutral
86,Elon Musk,Presentation starting at 8:15,Wed Dec 19 03:55:01 +0000 2018,286,7019,neutral
87,Elon Musk,"Capable of traveling safely at over 150mph. At that speed, it will feel like teleporting within a city.",Wed Dec 19 03:20:04 +0000 2018,1310,17845,positive
88,Elon Musk,All Boring Loops will include continuously circulating cars dedicated to pedestrians &amp; cyclists,Wed Dec 19 03:21:54 +0000 2018,732,13065,neutral
89,Elon Musk,"This can be applied to any autonomous, electric vehicle, not just Tesla",Wed Dec 19 03:14:00 +0000 2018,639,12522,neutral
90,Elon Musk,"@realkrauswife Pop up, park and walk!",Wed Dec 19 19:24:16 +0000 2018,17,500,positive
91,Elon Musk,@Model3Owners Same applies to those who didn‚Äôt order PUP,Tue Dec 18 21:18:22 +0000 2018,22,512,negative
92,Elon Musk,"A variety of vehicles, like normal roads, from a small car to a densely seated bus. Must be seated &amp; belted for high speed safety.",Wed Dec 19 19:15:09 +0000 2018,338,8512,neutral
93,Elon Musk,"If all vehicles were densely seated buses, throughput in excess of 100,000 people per hour per lane is possible, but better to offer a range of vehicles &amp; let people decide what makes them happy",Wed Dec 19 19:19:29 +0000 2018,420,9683,neutral
94,Elon Musk,@kirstenkorosec @TechCrunch @boringcompany Boring is developing an entirely new system of transport,Tue Dec 18 21:44:04 +0000 2018,32,545,negative
95,Elon Musk,"@flaneur @boringcompany Actually way more capacity, way faster &amp; way more convenient. Subways are fine, but it‚Äôs time to upgrade to something better.",Wed Dec 19 03:24:17 +0000 2018,147,2437,positive
96,Elon Musk,"@CasPiancey @boringcompany This *is* affordable mass transit, but better in that it takes you where and when you to go",Wed Dec 19 03:35:45 +0000 2018,46,903,neutral
97,Elon Musk,@TweetReinhard @TechCrunch Exactly. It‚Äôs a good way to go. Get people with more money to pay for the development!,Tue Dec 18 20:52:58 +0000 2018,21,587,positive
98,Elon Musk,"@FredericLambert @boringcompany You‚Äôre right. We did have a sim ready, but it was confusing, so I didn‚Äôt include it. We‚Äôre working on one that makes things clear.",Wed Dec 19 19:27:44 +0000 2018,42,1257,neutral
99,Elon Musk,@realkrauswife I know that area well. Best would be to add ramps into the tunnel system from the basement levels of the parking lots surrounding 3rd St.,Wed Dec 19 19:23:31 +0000 2018,20,513,neutral
100,Elon Musk,"@ElSchumi @FredericLambert @boringcompany Passive lateral safety is required by regulators &amp; I think they‚Äôre right. Might be able to build this into the tunnel wall though. So long as the vehicle is prevented by physics from rolling or jackknifing, there is probably a good safety argument.",Wed Dec 19 19:31:55 +0000 2018,21,423,neutral
101,Elon Musk,Barrel on dome https://t.co/kpSIJphbnk,Mon Dec 30 09:18:31 +0000 2019,416,13399,neutral
102,Elon Musk,Rest in peace Syd Mead. Your art will endure.,Mon Dec 30 23:27:10 +0000 2019,2078,43692,positive
103,Elon Musk,"@EverydayTesla Yeah, engineering is ~90% of my time at SpaceX &amp; about ~60% at Tesla",Mon Dec 30 09:56:51 +0000 2019,100,1783,neutral
104,Elon Musk,@newscientist Explains üêà üé•,Tue Dec 31 06:57:57 +0000 2019,97,2677,neutral
105,Elon Musk,@engineers_feed @physicsJ It‚Äôs a bit slow,Tue Dec 31 21:37:06 +0000 2019,368,10547,negative
106,Elon Musk,@kulpability @cleantechnica C tbh,Mon Dec 30 23:09:08 +0000 2019,89,1558,neutral
107,Elon Musk,@BaconMan65 @PhiliChez Exactly,Mon Dec 30 10:02:13 +0000 2019,28,629,neutral
108,Elon Musk,@cleantechnica Seems so long ago,Mon Dec 30 08:49:11 +0000 2019,43,858,neutral
109,Elon Musk,@cleantechnica Will talk about that on Q4 call,Mon Dec 30 10:00:10 +0000 2019,92,1899,neutral
110,Elon Musk,@JohnnaCrider1 It‚Äôs not ready yet,Tue Dec 31 06:59:34 +0000 2019,42,1595,neutral
111,Elon Musk,@SteveHamel16 @cleantechnica Sounds about right ü§£ü§£,Mon Dec 30 09:14:38 +0000 2019,37,958,positive
112,Elon Musk,@Teslarati Hard to believe it‚Äôs almost time to retire Cargo Dragon after a decade of solid service,Mon Dec 30 10:05:01 +0000 2019,132,3009,negative
113,Elon Musk,"@cleantechnica Also, I hate deeply nested classes in C++. Had to be said.",Mon Dec 30 08:02:18 +0000 2019,112,1614,negative
114,Elon Musk,@teslaownersSV @rhoehn Thanks all Tesla club members for helping out! Looking forward to seeing you there tomorrow. ‚ù§Ô∏è,Tue Dec 31 02:27:28 +0000 2019,133,2774,positive
115,Elon Musk,@DonaldM38768041 @Erdayastronaut Beyond awesome. He was the real deal.,Mon Dec 30 08:51:08 +0000 2019,31,598,positive
116,Elon Musk,@EvaFoxU Biting off more than I can chew. Because I‚Äôm an optimistic fool.,Mon Dec 30 22:39:21 +0000 2019,114,1812,negative
117,Elon Musk,@JaneidyEve Headed to Tesla Fremont factory tomorrow to help with vehicle deliveries,Mon Dec 30 22:41:38 +0000 2019,158,2103,neutral
118,Elon Musk,@ajtourville @cleantechnica Took me an embarrassingly long time to learn that,Mon Dec 30 09:15:49 +0000 2019,53,1262,negative
119,Elon Musk,"@ShaneAppleton7 @Erdayastronaut Building prototypes is relatively easy, volume production is hard",Mon Dec 30 22:44:02 +0000 2019,44,818,neutral
120,Elon Musk,"@John_Gardi @Erdayastronaut Many ways to solve this problem, but the power requirements are much higher than aircraft control surfaces. When moving giant body flaps rapidly, achieving high power is much harder than high torque.",Mon Dec 30 23:00:08 +0000 2019,51,1067,negative
121,Elon Musk,Almost three now. Boca team is crushing it! Starship has giant dome ü§£ü§£ https://t.co/qTN2TU02pb,Mon Dec 30 06:17:24 +0000 2019,1023,24690,positive
122,Elon Musk,@teslaownersSV @TonyCrisostomo @Erdayastronaut Yeah,Mon Dec 30 07:04:28 +0000 2019,32,613,neutral
123,Elon Musk,@flcnhvy muffin or not-muffin,Mon Dec 30 04:55:21 +0000 2019,69,3047,neutral
124,Elon Musk,@TeslaGong @BrianGilbert_ @Tesla @AusTeslaOwners Coming ‚Ä¶,Mon Dec 30 07:43:19 +0000 2019,24,321,neutral
125,Elon Musk,@donnyraywoody @flcnhvy @kulpability @NASA Haha true,Mon Dec 30 04:58:04 +0000 2019,34,899,positive
126,Elon Musk,"@TeslaGong @BrianGilbert_ @Tesla @AusTeslaOwners Tesla merch def needs some love, but too many fish to fry rn",Mon Dec 30 07:47:20 +0000 2019,39,742,negative
127,Elon Musk,"@cleantechnica The less code, the better! 1 point for adding a line of code, but 2 points for deleting a line. Bloatware is the devil.",Mon Dec 30 08:00:14 +0000 2019,376,3783,negative
128,Elon Musk,"@kulpability @NASA Crew Dragon should be physically ready &amp; at the Cape in Feb, but completing all safety reviews will probably take a few more months",Mon Dec 30 03:59:39 +0000 2019,175,3296,neutral
129,Elon Musk,"@SmileSimplify @Erdayastronaut Moving to an enclosed (fairly) clean room environment for SN2 in Jan, although, unlike aluminum, stainless steel welding is not super sensitive. Our main issue here in Boca is that it can get very windy, which affects weld arc &amp; steel melt pool.",Mon Dec 30 07:17:20 +0000 2019,35,437,negative
130,Elon Musk,@Kristennetten @SmileSimplify @Erdayastronaut We‚Äôre focusing on Boca right now for Starship &amp; Cape is focused on Falcon/Dragon,Mon Dec 30 07:32:50 +0000 2019,43,701,neutral
131,Elon Musk,@Erdayastronaut Spin start from COPVs so the ox &amp; fuel turbines spool up super fast in unison. A precise start with full flow staged combustion is very important.,Mon Dec 30 07:26:18 +0000 2019,55,1260,positive
132,Elon Musk,"@Erdayastronaut No, will be autogenous from the start, tapping hot CH4 &amp; O2 from Raptor",Mon Dec 30 07:09:23 +0000 2019,55,1234,neutral
133,Elon Musk,"@DJSnM We use that process for the Raptor nozzle jacket. The knuckles of this dome are stamped in Michigan with a 4000 ton car body press, which costs much less for same outcome.",Mon Dec 30 06:46:51 +0000 2019,59,1189,neutral
134,Elon Musk,"@Erdayastronaut Best would probably be an autogenous laser weld, but we need more precise parts &amp; fixtures. Hopefully get that done in 2020.",Mon Dec 30 07:01:44 +0000 2019,68,1419,positive
135,Elon Musk,"@Erdayastronaut Almost everything is different. These parts are stamped vs manually bump-formed &amp; TIP TIG welded vs flux core. Higher precision, stronger joints &amp; 20% mass reduction.",Mon Dec 30 06:57:24 +0000 2019,92,1733,neutral
136,Elon Musk,"@kulpability @NASA New technology development schedules tend to exhibit a version of Zeno‚Äôs Paradox ‚Äî at any given point, you‚Äôre halfway there",Mon Dec 30 04:05:38 +0000 2019,101,1551,neutral
137,Elon Musk,"@Erdayastronaut Direct drive using several Tesla Plaid motors in parallel for SN1. Simpler, lighter &amp; more fault tolerant. Rear flaps each need ~1.5 megawatts. It‚Äôs like moving the entire wing of an aircraft!",Mon Dec 30 07:57:11 +0000 2019,108,1541,positive
138,Elon Musk,"@realRickyReeves @Erdayastronaut @NASA Crew Dragon is capable of propulsive landing, but would require extensive testing to prove safety. Better to focus on Starship.",Mon Dec 30 04:54:21 +0000 2019,47,851,neutral
139,Elon Musk,@ajtourville @Erdayastronaut Tesla uses that to wirebond cells to module current collectors. Is there a commercially available machine that can weld ~4mm full hard 301 stainless barrels &amp; domes?,Mon Dec 30 07:38:38 +0000 2019,35,597,neutral
140,Elon Musk,Dam now rly want choc chip muffin,Sun Dec 29 22:46:21 +0000 2019,3591,60821,negative
141,Elon Musk,"8 years later, the simulation is mostly real",Mon Dec 30 03:25:48 +0000 2019,913,24250,neutral
142,Elon Musk,"@teslaownersSV @iam_preethi I def believe in the ethical treatment of animals &amp; taking action of climate, but these are mostly separate moral issues",Mon Dec 30 01:32:34 +0000 2019,81,1388,neutral
143,Elon Musk,@vincent13031925 @Tesla @jsrdctz Amazing work by Tesla China team!! ‚ù§Ô∏è‚ù§Ô∏è,Mon Dec 30 03:15:24 +0000 2019,135,2417,positive
144,Elon Musk,@EvaFoxU @TeslaHistorian @TeslaOwnersofMA @JohnnaCrider1 @vincent13031925 @boringcompany Nice,Mon Dec 30 01:26:26 +0000 2019,28,649,positive
145,Elon Musk,@ollie_turrell @cFidd Pretty much,Sun Dec 29 11:12:14 +0000 2019,43,2370,neutral
146,Elon Musk,@28delayslater @TeslaOwnersofMA @JohnnaCrider1 @vincent13031925 @boringcompany Slight tweak to the glass needed &amp; then it should be good to go,Sun Dec 29 22:41:49 +0000 2019,55,1153,positive
147,Elon Musk,"@iam_preethi I support people choosing whatever diet makes them happy, but it‚Äôs true that everyone going vegan still wouldn‚Äôt stop climate change. Moving billions of tons of hydrocarbons from deep underground into the atmosphere &amp; oceans is fundamentally the issue.",Mon Dec 30 01:16:16 +0000 2019,799,5211,negative
148,Elon Musk,"@vincent13031925 @boringcompany Certainly worth trying! The objective reality for large cities worldwide is that efforts to solve traffic have not worked well. If we don‚Äôt try *something* new, we will be in traffic hell forever.",Sun Dec 29 22:13:20 +0000 2019,130,1716,negative
149,Elon Musk,"@cFidd No, I said we should build more tunnels. Put trains in them or cars or whatever, but every large city on Earth is plagued by traffic &amp; it‚Äôs getting worse. Multi-level tunnels might solve this, so worth trying. If you have a better suggestion, please tell us what it is.",Sun Dec 29 11:03:51 +0000 2019,693,19673,negative
150,Elon Musk,"@teslaownersSV @iam_preethi Renewable energy production (solar, wind, geothermal), improving home insulation &amp; electric transport will do the trick. Vegan/vegetarian helps a little, but isn‚Äôt critical. We should take the set of actions that maximize total public happiness!",Mon Dec 30 01:25:44 +0000 2019,184,1693,positive
151,Elon Musk,@BrianGilbert_ @Tesla @AusTeslaOwners Tesla app based payment will soon be rolled out WW. It‚Äôs tough making functionality work across so many regulatory domains.,Mon Dec 30 01:40:20 +0000 2019,37,562,neutral
152,Elon Musk,"@EvaFoxU @amargosavalley For sure, but I understand the pulse of Twitter pretty well. A sudden avalanche of very similar vitriolic comments from anon accounts usually means someone activated a troll/bot net.",Sun Dec 29 10:08:01 +0000 2019,60,798,negative
153,Elon Musk,@Snipergen @Tesla Sure. Trax will get much better &amp; more fun. This is an alpha version.,Sun Dec 29 11:09:56 +0000 2019,54,1217,positive
154,Elon Musk,@BrianGilbert_ @Tesla @AusTeslaOwners Is purchasing through the Tesla app not working?,Mon Dec 30 01:33:35 +0000 2019,22,301,neutral
155,Elon Musk,"@JohnnaCrider1 @vincent13031925 @boringcompany Yeah, Boring Bricks üß± are def coming, but whole team is focused on getting Vegas Convention Center tunnel operational so people can try it out, suggest improvements, etc. I ‚ô•Ô∏è crowdsourcing ideas with people who really care about making great products!",Sun Dec 29 22:29:55 +0000 2019,66,1002,positive
156,Elon Musk,"@RationalEtienne @EvaFoxU @amargosavalley That might have something to do with it. ‚ÄúStalin: Court of the Red Tsar‚Äù was one of the few books so dark I had to stop reading. If only they‚Äôd listened to Lenin‚Äôs last wish, much tragedy may have been averted.",Sun Dec 29 10:27:04 +0000 2019,59,800,negative
157,Elon Musk,"@JonAttenborough @cFidd Absolutely. Multi-level tunnels can go under buildings, mountains, rivers or anything else &amp; directly connect destinations, like aircraft do in the sky. We just need more of them.",Sun Dec 29 11:23:01 +0000 2019,127,3112,neutral
158,Elon Musk,@TeslaOwnersofMA @JohnnaCrider1 @vincent13031925 @boringcompany What is the platonic ideal of the perfect candy? Really feels like candy R&amp;D hasn‚Äôt improved in ages. Damn candy oligarchs!! [shakes fist at sky],Sun Dec 29 22:35:55 +0000 2019,63,1126,negative
159,Elon Musk,"@tjq1190 @tyger_cyber @fawfulfan @_Mikemo He didn‚Äôt own an emerald mine &amp; I worked my way through college, ending up ~$100k in student debt. I couldn‚Äôt even afford a 2nd PC at Zip2, so programmed at night &amp; website only worked during day. Where is this bs coming from?",Sat Dec 28 22:42:53 +0000 2019,1034,11213,negative
160,Elon Musk,@annerajb Hopefully working in Caribbean by end of 2020. Def by 2021.,Sat Dec 28 21:01:45 +0000 2019,52,619,neutral
161,Elon Musk,@justpaulinelol @annerajb Probably 2021. Depends on regulatory approvals.,Sat Dec 28 21:04:32 +0000 2019,32,450,neutral
162,Elon Musk,@kimbal üñ§ you too,Sun Dec 29 02:14:35 +0000 2019,108,4351,positive
163,Elon Musk,@geofficient Pretty much,Sat Dec 28 22:30:09 +0000 2019,38,2079,neutral
164,Elon Musk,@flcnhvy @cyrusposting Exactly,Sun Dec 29 00:23:50 +0000 2019,35,723,neutral
165,Elon Musk,"@IrinaAntony @tjq1190 @tyger_cyber @fawfulfan @_Mikemo We started Zip2 with ~$2k from me plus my overclocked home-built PC, ~$5k from my bro &amp; ~$8k from Greg Kouri (such a good guy ‚Äî he is greatly missed).

My Dad provided 10% of a ~$200k angel funding round much later, but by then risk was reduced &amp; round would‚Äôve happened anyway.",Sat Dec 28 23:22:36 +0000 2019,301,3951,negative
166,Elon Musk,@JaneidyEve @johnkrausphotos @austinbarnard45 @flcnhvy @Joe__Wakefield @tjq1190 @tyger_cyber @fawfulfan @_Mikemo Ramones &amp; Bach,Sun Dec 29 05:58:22 +0000 2019,57,1027,neutral
167,Elon Musk,"@TheAssassin_95 Yes, but it‚Äôs too secret",Sat Dec 28 04:20:23 +0000 2019,139,3390,neutral
168,Elon Musk,"@Joe__Wakefield @austinbarnard45 @tjq1190 @tyger_cyber @fawfulfan @_Mikemo This is a pretty awful lie. I left South Africa by myself when I was 17 with just a backpack &amp; suitcase of books. Worked on my Mom‚Äôs cousin‚Äôs farm in Saskatchewan &amp; a lumber mill in Vancouver. Went to Queens Univ with scholarship &amp; debt, then same to UPenn/Wharton &amp; Stanford.",Sat Dec 28 23:47:59 +0000 2019,636,8872,negative
169,Elon Musk,"@austinbarnard45 @tjq1190 @tyger_cyber @fawfulfan @_Mikemo This person blocked me, so can‚Äôt read the tweet. Whats their deal?",Sat Dec 28 23:38:57 +0000 2019,75,2259,negative
170,Elon Musk,@catmonocle69 Sounds like a Marxist with style,Sun Dec 29 01:03:06 +0000 2019,35,835,positive
171,Elon Musk,"@johnkrausphotos @austinbarnard45 @flcnhvy @Joe__Wakefield @tjq1190 @tyger_cyber @fawfulfan @_Mikemo I hope someone has pics! My Mom came to visit one weekend &amp; was quite surprised by it all, but helped work coat check &amp; guarded the cash with a kitchen knife ü§£ü§£",Sun Dec 29 05:50:22 +0000 2019,74,1697,positive
172,Elon Musk,"@waitbutwhy @Kurz_Gesagt Maximizing conversion of mass to aimed photons (pure momentum) is actually the highest possible efficiency, which is why an antimatter drive is probably the best way to get to other star systems with known physics. For ‚Äúclose‚Äù stars, a laser sail is good too.",Sat Dec 28 19:46:16 +0000 2019,198,2987,positive
173,Elon Musk,@JohnnaCrider1 @mayemusk Literally. It was at 40th &amp; Baltimore in Philadelphia before gentrification.,Sun Dec 29 06:01:58 +0000 2019,40,814,neutral
174,Elon Musk,@amargosavalley Thousands of anon/troll/bot accounts suddenly on the attack. Interesting.,Sun Dec 29 09:34:19 +0000 2019,40,644,negative
175,Elon Musk,"@austinbarnard45 @flcnhvy @Joe__Wakefield @tjq1190 @tyger_cyber @fawfulfan @_Mikemo To pay rent, we turned our house into a nightclub &amp; charged a $5 entry fee. Looked cool at night, but insane by day ‚Ä¶ blacklights, luminescent spray paint &amp; metal junk sculptures.",Sun Dec 29 05:38:57 +0000 2019,128,1937,negative
176,Elon Musk,"@cyrusposting Induced demand is one of the most irrational theories I‚Äôve ever heard. Correlation is not causation. If the transport system exceeds public travel needs, there will be very little traffic. I support anything that improves traffic, as this negatively affects almost everyone.",Sun Dec 29 00:09:51 +0000 2019,88,752,negative
177,Elon Musk,@SMZGallagher @Tesla Sorry about this. We will do our best. The Tesla production &amp; delivery teams have been working super hard.,Sun Dec 29 07:57:44 +0000 2019,34,888,negative
178,Elon Musk,Was up all night with SpaceX team working on Starship tank dome production (most difficult part of primary structure). Dawn arrives ‚Ä¶ https://t.co/SzyDSYUYOu,Fri Dec 27 19:50:28 +0000 2019,5111,89456,neutral
179,Elon Musk,"Build super safe, Earthquake-proof tunnels under cities to solve traffic",Sat Dec 28 04:06:37 +0000 2019,6010,71520,positive
180,Elon Musk,"Turn on auto navigate feature &amp; car will activate traffic-based navigation to work, home or calendar, depending on context, as soon as you sit down. No input required at all.",Thu Dec 26 19:08:37 +0000 2019,1641,39431,neutral
181,Elon Musk,"These would be road tunnels for zero emissions vehicles only ‚Äî no toxic fumes is the key. Really, just an underground road, but limited to EVs (from all auto companies). This is not in place of other solutions, eg light rail, but supplemental to them.",Sat Dec 28 04:13:38 +0000 2019,2151,52456,neutral
182,Elon Musk,@teslaownersSV Done by dawn,Sat Dec 28 04:10:40 +0000 2019,67,3042,neutral
183,Elon Musk,@Kristennetten Future feature,Thu Dec 26 19:19:20 +0000 2019,57,1923,neutral
184,Elon Musk,@Teslarati Activating engine two ‚Ä¶,Thu Dec 26 22:08:17 +0000 2019,142,3460,neutral
185,Elon Musk,@Salo4201 That would be a fringe benefit ü§£ü§£,Sat Dec 28 04:09:50 +0000 2019,71,3952,positive
186,Elon Musk,@JaneidyEve Flight is hopefully 2 to 3 months away,Sat Dec 28 02:56:20 +0000 2019,160,2045,neutral
187,Elon Musk,"@flcnhvy No, he‚Äôs still much faster üêå",Sat Dec 28 04:15:06 +0000 2019,56,2062,positive
188,Elon Musk,@DiscoverMag Please stop spamming bleak links into a paywall,Fri Dec 27 08:54:35 +0000 2019,79,2982,negative
189,Elon Musk,@Erdayastronaut @teslaownersSV @Benioff Hopefully fully operational in 2020,Sat Dec 28 04:20:00 +0000 2019,107,2480,positive
190,Elon Musk,"@teslaownersSV @Benioff Boring Co is completing its first commercial tunnel in Vegas, going from Convention Center to Strip, then will work on other projects",Sat Dec 28 04:18:27 +0000 2019,187,3705,neutral
191,Elon Musk,@flcnhvy @Sofiaan @Erdayastronaut The overarching goal of Tesla engineering is maximize area under user happiness curve,Thu Dec 26 20:15:36 +0000 2019,140,2009,neutral
192,Elon Musk,@KakaroTTo1385 @flcnhvy @Sofiaan @Erdayastronaut It is an honor &amp; a privilege to work with so many great engineers,Thu Dec 26 20:18:29 +0000 2019,93,1962,positive
193,Elon Musk,"@JaneidyEve We‚Äôre now building flight design of Starship SN1, but each SN will have at least minor improvements, at least through SN20 or so of Starship V1.0.",Sat Dec 28 02:55:13 +0000 2019,154,1794,neutral
194,Elon Musk,"@Sofiaan @Erdayastronaut Possible, but one step at a time. Anything we release to the fleet has big implications these days. For example, if someone‚Äôs on data roaming &amp; video is enabled, they will get a giant cell phone bill. Operating in 40+ countries results in many corner cases!",Thu Dec 26 19:01:55 +0000 2019,73,1688,neutral
195,Elon Musk,"@flcnhvy @Sofiaan @Erdayastronaut It‚Äôs not that these things can‚Äôt be done, they just absorb a lot of software engineering time, which has great opportunity cost. There are very few excellent software engineers &amp; merely increasing team size results in awful bloatware.",Thu Dec 26 20:14:50 +0000 2019,104,1744,negative
196,Elon Musk,"@JeremyGreenlee @mobiledavidd Seeing B pillar (diagonal fwd) &amp; side repeater (diagonal back) camera views would probably help for tight situations. We can enable access to these views. Also, no problem to have option to disable auto lock for home.",Thu Dec 26 18:58:31 +0000 2019,66,1350,neutral
197,Elon Musk,"Destiny, destiny
No escaping 
that for me",Wed Dec 30 05:33:19 +0000 2020,9537,134692,neutral
198,Elon Musk,Snake-head dog had my undivided attention until winder-head ostrich came gliding through all nonchalant https://t.co/dtPMdM3TQp,Wed Dec 30 09:51:07 +0000 2020,3708,87640,negative
199,Elon Musk,@jack üé© The Greatest Gatsby üé©,Thu Dec 31 05:19:34 +0000 2020,339,7950,positive
200,Elon Musk,@tobyliiiiiiiiii Are we sure this is real?,Wed Dec 30 07:57:09 +0000 2020,234,6387,neutral
201,Elon Musk,@RexChapman Haha,Wed Dec 30 18:15:27 +0000 2020,134,7964,positive
202,Elon Musk,All Tesla cars delivered in the final three days of the year will get three months of the Full Self-Driving option for free. Delivery &amp; docs must be fully complete by midnight Dec 31st.,Tue Dec 29 22:16:14 +0000 2020,2956,63721,positive
203,Elon Musk,@jack Let‚Äôs make the roaring 20‚Äôs again!,Thu Dec 31 01:05:35 +0000 2020,2978,41167,positive
204,Elon Musk,Ignore the heading,Thu Dec 31 05:47:38 +0000 2020,551,32308,negative
205,Elon Musk,@harsimranbansal Literally,Wed Dec 30 09:16:50 +0000 2020,39,2623,negative
206,Elon Musk,@flcnhvy Inspired by the ballet,Thu Dec 31 02:25:06 +0000 2020,123,5539,neutral
207,Elon Musk,@ICannot_Enough @AloysiusFekete @RationalEtienne @biogirl09 @ErcXspace Exactly,Wed Dec 30 18:18:12 +0000 2020,41,1628,neutral
208,Elon Musk,"@ErcXspace We‚Äôre going to try to catch the Super Heavy Booster with the launch tower arm, using the grid fins to take the load",Wed Dec 30 17:01:28 +0000 2020,830,9961,neutral
209,Elon Musk,@Tesmanian_com This is very sensible. Opposition from anywhere cannot mean no progress everywhere!,Wed Dec 30 09:24:36 +0000 2020,128,3775,negative
210,Elon Musk,@Erdayastronaut Might be a few lumps along the way,Wed Dec 30 19:49:23 +0000 2020,79,4177,neutral
211,Elon Musk,"@SpaceNews_Inc And Mark Dankberg. This action is wack, not dank!!",Tue Dec 29 22:00:25 +0000 2020,68,1934,negative
212,Elon Musk,"@RationalEtienne @biogirl09 @ErcXspace Legs would certainly work, but best part is no part, best step is no step",Wed Dec 30 18:07:31 +0000 2020,156,3018,neutral
213,Elon Musk,"@Erdayastronaut @flcnhvy @ErcXspace Production is hard, prototypes are easy. Building ~1000 Starships to create a self-sustaining city on Mars is our mission.",Wed Dec 30 18:31:31 +0000 2020,538,7071,neutral
214,Elon Musk,"@smvllstvrs @ErcXspace Rocket motion is primarily vertical, so you want the top open",Thu Dec 31 01:55:32 +0000 2020,90,3816,neutral
215,Elon Musk,@flcnhvy @ErcXspace Saves mass &amp; cost of legs &amp; enables immediate repositioning of booster on to launch mount ‚Äî ready to refly in under an hour,Wed Dec 30 18:00:26 +0000 2020,188,4431,positive
216,Elon Musk,@Erdayastronaut @flcnhvy @ErcXspace SN9 will press CH4 header tank with helium. Long-term solution is under debate. Not clear what is lightest/simplest.,Wed Dec 30 18:09:24 +0000 2020,158,3795,neutral
217,Elon Musk,Such a weird game when you think about it https://t.co/5MrvVzmeKG,Tue Dec 29 20:40:49 +0000 2020,27498,303660,negative
218,Elon Musk,Not everything is made of cake https://t.co/oMaCmYQAwx,Tue Dec 29 20:48:04 +0000 2020,10130,158777,neutral
219,Elon Musk,The Last Kingdom show is great,Tue Dec 29 21:32:09 +0000 2020,4766,118711,positive
220,Elon Musk,This is not CGI https://t.co/VOivE97vPR,Tue Dec 29 20:37:54 +0000 2020,9024,55544,neutral
221,Elon Musk,Try playing Polytopia in your Tesla! Great game. Multiplayer online version coming soon.,Sun Dec 27 22:18:58 +0000 2020,3327,126273,positive
222,Elon Musk,@richierichhhhh_ Absolutely,Mon Dec 28 17:23:51 +0000 2020,752,62683,neutral
223,Elon Musk,@Reza_Zadeh Less?,Tue Dec 29 21:45:08 +0000 2020,366,10055,neutral
224,Elon Musk,"@SpaceNews_Inc Starlink ‚Äúposes a hazard‚Äù to Viasat‚Äôs profits, more like it. Stop the sneaky moves, Charlie Ergen!",Tue Dec 29 11:25:03 +0000 2020,769,16423,negative
225,Elon Musk,Entertainment will be critical when cars drive themselves,Mon Dec 28 19:46:18 +0000 2020,2079,47320,neutral
226,Elon Musk,@ashleevance Westworld,Tue Dec 29 21:34:43 +0000 2020,154,6076,neutral
227,Elon Musk,@chicago_glenn True haha,Tue Dec 29 20:41:18 +0000 2020,46,3990,positive
228,Elon Musk,@PPathole @WSJ Absolutely,Mon Dec 28 05:39:42 +0000 2020,69,2092,neutral
229,Elon Musk,@Tesmanian_com Taste of the future,Mon Dec 28 05:38:03 +0000 2020,146,6056,positive
230,Elon Musk,"@WSJ Focus on making products &amp; services people truly love, so that the total economic pie is bigger, instead of engaging in zero-sum/negative-sum corporate power struggles. This is the good future.",Sun Dec 27 18:35:40 +0000 2020,4304,40438,neutral
231,Elon Musk,What should Tesla do with in-car gaming in an autonomous world?,Mon Dec 28 17:23:31 +0000 2020,720,29028,neutral
232,Elon Musk,@kimpaquette Just meeting with Larry Ellison to seek some advice. Back working on Tesla end of quarter tomorrow.,Mon Dec 28 18:07:33 +0000 2020,251,7629,neutral
233,Elon Musk,"@karpathy If they don‚Äôt love us, we‚Äôre in deep trouble!",Tue Dec 29 20:48:22 +0000 2020,193,4934,negative
234,Elon Musk,@sfs_central !! Even cheese is made of cake !!,Tue Dec 29 20:52:23 +0000 2020,51,2791,neutral
235,Elon Musk,"@Maldivawow @CodingMark @Tesla No, these are just incremental improvements to the production codebase. FSD build is a fundamental rewrite, not just in the car, but also our video training/labeling software.",Tue Dec 29 19:57:50 +0000 2020,49,1229,neutral
236,Elon Musk,"@jayson32292601 Absolutely. Will be text &amp; visualization, but could add voice too.",Tue Dec 29 20:56:54 +0000 2020,44,1696,neutral
237,Elon Musk,@lexfridman Good point,Sun Dec 27 07:19:32 +0000 2020,331,28832,positive
238,Elon Musk,@stevewoz Definitely,Fri Dec 25 22:49:24 +0000 2020,105,6025,positive
239,Elon Musk,@teslaownersSV We need a ‚Äúmatch other traffic speed‚Äù setting,Sat Dec 26 16:23:26 +0000 2020,254,11509,neutral
240,Elon Musk,@Erdayastronaut @teslaownersSV Sure,Sat Dec 26 18:48:35 +0000 2020,35,1914,neutral
241,Elon Musk,@engineers_feed Very important,Sun Dec 27 08:05:17 +0000 2020,121,7474,positive
242,Elon Musk,"@ThatDesignGuy @m_siphiw @moosuraj @Tesla Roughly 95% of parts in Tesla Roadster were unique ‚Äî not in any other product. Unfortunately, since we started out with the (dumb, in retrospect) goal of simply adapting Lotus Elise to electric, we ended up with a 10% too small sports car that seems kinda like a Lotus.",Sun Dec 27 08:33:28 +0000 2020,54,1784,negative
243,Elon Musk,@karpathy Vaccines are just the start. It‚Äôs also capable in theory of curing almost anything. Turns medicine into a software &amp; simulation problem.,Sun Dec 27 01:14:17 +0000 2020,370,4108,neutral
244,Elon Musk,@conexionspacial @spacecoast_stve @NASASpaceflight Interesting,Sun Dec 27 06:00:34 +0000 2020,26,1285,positive
245,Elon Musk,@flcnhvy Liz has always done great interviews,Sun Dec 27 02:45:21 +0000 2020,171,10760,positive
246,Elon Musk,@westcoastbill The writing on Cobra Kai is sicküëå,Fri Dec 25 21:06:14 +0000 2020,133,5026,negative
247,Elon Musk,@flcnhvy @h3_extrachars It‚Äôs a step in that direction,Fri Dec 25 21:09:35 +0000 2020,63,4207,positive
248,Elon Musk,"@teslaownersSV @lexfridman Ok, service might be able to do this. Will check.",Sun Dec 27 07:35:29 +0000 2020,101,2680,neutral
249,Elon Musk,"@GUNMTLM3 @lexfridman No, but definitely this year",Sun Dec 27 07:20:41 +0000 2020,81,1343,neutral
250,Elon Musk,@TeslaTruckClub @jeremyjudkins @JPUConn @jchybow @DirtyTesla We will offer multiple display options,Sat Dec 26 19:06:11 +0000 2020,58,1435,neutral
251,Elon Musk,@AfloatHickory Haha I will save you the nightmare of seeing me in those shorts,Fri Dec 25 20:59:26 +0000 2020,109,6729,positive
252,Elon Musk,"@kkvr2823 @tesla_adri @teslaownersSV There are subtle, important, differences between US &amp; Canada traffic rules, but FSD beta will be extended to Canada very soon",Sat Dec 26 16:27:59 +0000 2020,82,1746,neutral
253,Elon Musk,@IvanEscobosa @Erdayastronaut @teslaownersSV A few more revisions needed. Probably Beta 10 or 11.,Sat Dec 26 19:04:29 +0000 2020,55,1470,neutral
254,Elon Musk,"@spacecoast_stve @NASASpaceflight Falcon was 25% of successful orbital launches in 2020, but maybe a majority of payload to orbit. Anyone done the math?",Sun Dec 27 01:27:07 +0000 2020,129,4090,neutral
255,Elon Musk,"@13arm13arm It‚Äôs one üî• or 1/2 üî• if you don‚Äôt have a car with pedestrian speaker. We couldn‚Äôt get everything done in time, but more stuff coming.",Fri Dec 25 21:08:14 +0000 2020,89,1784,neutral
256,Elon Musk,@teslaownersSV @lexfridman You mean install the external speaker on earlier cars that don‚Äôt have it?,Sun Dec 27 07:21:32 +0000 2020,35,1344,neutral
257,Elon Musk,Merry Christmas &amp; happy holidays! üéÅ https://t.co/uk6NSPwR9R,Fri Dec 25 16:47:04 +0000 2020,10740,203319,positive
258,Elon Musk,Thanks to everyone who worked so hard to make Tesla successful. My heart goes out to you.,Mon Dec 21 13:04:16 +0000 2020,9173,298776,positive
259,Elon Musk,"Change your horn sound to üêê, üêçüé∑, üí® or holiday jingles with latest Tesla software update!",Fri Dec 25 20:54:29 +0000 2020,5735,161480,neutral
260,Elon Musk,"To Tesla owners taking delivery in the final days of year, your support is super appreciated!!",Thu Dec 24 00:00:41 +0000 2020,2879,129488,positive
261,Elon Musk,@heydave7 Good idea,Wed Dec 23 17:41:36 +0000 2020,1032,46088,positive
262,Elon Musk,12 story rocket turns off its engines &amp; does a controlled fall,Thu Dec 24 01:12:41 +0000 2020,7361,89550,neutral
263,Elon Musk,"@wintonARK During the darkest days of the Model 3 program, I reached out to Tim Cook to discuss the possibility of Apple acquiring Tesla (for 1/10 of our current value). He refused to take the meeting.",Tue Dec 22 20:46:12 +0000 2020,8336,56600,negative
264,Elon Musk,@teslaownerssv Indeed,Mon Dec 21 13:02:48 +0000 2020,73,6090,neutral
265,Elon Musk,@TrevorMahlmann Yeah,Thu Dec 24 01:14:17 +0000 2020,33,3750,neutral
266,Elon Musk,@Tesmanian_com Great game!,Fri Dec 25 04:07:28 +0000 2020,131,8431,positive
267,Elon Musk,@MarcusHouseGame Coming soon,Thu Dec 24 10:49:49 +0000 2020,59,2680,neutral
268,Elon Musk,@flcnhvy @MarcusHouseGame A few months,Thu Dec 24 10:59:36 +0000 2020,106,4575,neutral
269,Elon Musk,@LizClaman @Tesla @FoxBusiness @ClamanCountdown Hi Liz!,Mon Dec 21 19:00:31 +0000 2020,21,1469,positive
270,Elon Musk,@archillect Sparta‚Äôs reply to Macedon,Tue Dec 22 19:43:10 +0000 2020,231,8117,neutral
271,Elon Musk,@h3_extrachars You can upload custom music/sounds,Fri Dec 25 20:58:02 +0000 2020,236,12462,neutral
272,Elon Musk,"@Erdayastronaut Yup, we‚Äôre just ironing out a few bugs",Thu Dec 24 00:31:14 +0000 2020,134,7126,neutral
273,Elon Musk,"@wintonARK Strange, if true. 

- Tesla already uses iron-phosphate for medium range cars made in our Shanghai factory.

- A monocell is electrochemically impossible, as max voltage is ~100X too low. Maybe they meant cells bonded together, like our structural battery pack?",Tue Dec 22 20:43:18 +0000 2020,734,12584,neutral
274,Elon Musk,@DeepMind @nature Frictionless AI. What could possibly go wrong?,Wed Dec 23 20:36:05 +0000 2020,109,2470,negative
275,Elon Musk,@harsimranbansal @heydave7 It will most likely make sense for Starlink to go public once the revenue growth is reasonably predictable,Fri Dec 25 01:07:24 +0000 2020,173,3229,neutral
276,Elon Musk,"@jgrano305 Unfortunately, pedestrian speaker is needed, otherwise no external sound generator except actual horn",Fri Dec 25 20:57:25 +0000 2020,54,3547,negative
277,Elon Musk,One word: Doge,Sun Dec 20 09:30:04 +0000 2020,23517,198974,neutral
278,Elon Musk,Bitcoin is almost as bs as fiat money,Sun Dec 20 09:24:37 +0000 2020,8428,120711,negative
279,Elon Musk,Bitcoin is my safe word,Sun Dec 20 08:21:25 +0000 2020,16996,208394,positive
280,Elon Musk,‚ô•Ô∏è i love all u crazy ppl out there ‚ô•Ô∏è,Sun Dec 20 10:16:43 +0000 2020,12905,285110,positive
281,Elon Musk,‚ÄúLord‚Äù Edge,Sun Dec 20 08:43:06 +0000 2020,785,31205,neutral
282,Elon Musk,"Come for the comments, 
stay for the memesüíÑ",Sun Dec 20 09:44:03 +0000 2020,4010,107440,neutral
283,Elon Musk,"@flcnhvy Pretty much. The main value of college used to be hanging out, having pseudo intellectual conversations &amp; partying with people your own age. Now, even that‚Äôs gone.",Sun Dec 20 09:51:15 +0000 2020,956,8460,negative
284,Elon Musk,"Just kidding, who needs a safe word anyway!?",Sun Dec 20 08:40:34 +0000 2020,1717,59108,negative
285,Elon Musk,@MightyTesla @Kristennetten @lauren_kalo @SawyerMerritt @jasondebolt @CodingMark @28delayslater @BabyTesla3 @4thRowPopcorn @IloveElonandTe1 Nice,Sun Dec 20 09:17:17 +0000 2020,53,3851,positive
286,Elon Musk,@michael_saylor Are such large transactions even possible?,Sun Dec 20 15:20:03 +0000 2020,1160,17024,neutral
287,Elon Musk,@pcgamer Great game,Sun Dec 20 09:53:56 +0000 2020,48,3175,positive
288,Elon Musk,@CallowayTech Sounds about right,Sun Dec 20 08:46:43 +0000 2020,85,4741,positive
289,Elon Musk,@BizzzzzyD You have a point (sigh),Sun Dec 20 10:04:35 +0000 2020,129,11143,negative
290,Elon Musk,@xDreamCoding @frank_thelen Nice branding,Sun Dec 20 08:42:00 +0000 2020,34,1504,positive
291,Elon Musk,@hajek_miloslav Great nails &amp; lipstick,Sun Dec 20 09:21:01 +0000 2020,20,1286,positive
292,Elon Musk,"@MKBHD They are, although it‚Äôs kind low-key. Tesla Superchargers are being made accessible to other electric cars.",Mon Dec 21 11:13:27 +0000 2020,654,32335,neutral
293,Elon Musk,@SpaceX Standing down for today to inspect rocket. Hopefully launching tomorrow.,Thu Dec 17 16:21:49 +0000 2020,281,10521,neutral
294,Elon Musk,@SpaceX Pressure is slightly high in upper stage liquid oxygen tank. Review underway.,Thu Dec 17 15:17:14 +0000 2020,370,12606,neutral
295,Elon Musk,@padgeuk Absolutely. We will release FSD subscription early next year.,Sun Dec 20 09:37:27 +0000 2020,271,3120,neutral
296,Elon Musk,"@Kristennetten It was a seriously twisted affair, but all‚Äôs that ends well.",Mon Dec 21 11:21:24 +0000 2020,84,2918,negative
297,Elon Musk,"So much of AI is about compressing reality to a small vector space, like a video game in reverse",Mon Dec 27 03:49:50 +0000 2021,8375,123732,neutral
298,Elon Musk,Lex asks great questions,Tue Dec 28 21:18:21 +0000 2021,6475,77843,positive
299,Elon Musk,@T_Ball5 Probably not wrong,Thu Dec 30 08:42:50 +0000 2021,1332,33763,neutral
300,Elon Musk,Physics formulas are the rendering rules,Mon Dec 27 03:51:33 +0000 2021,2441,51493,neutral
301,Elon Musk,"@NASA @NASAWebb Congratulations, this is major!",Sun Dec 26 01:05:48 +0000 2021,1124,33439,positive
302,Elon Musk,"@mims If history is any guide, not many will make it past the next recession",Thu Dec 30 18:15:45 +0000 2021,597,5139,negative
303,Elon Musk,"@PPathole People are able to break any laws made by humans, but none made by physics",Mon Dec 27 03:56:00 +0000 2021,999,10205,negative
304,Elon Musk,@karpathy All of reality can be simulated with ones &amp; zeroes,Mon Dec 27 04:23:28 +0000 2021,1142,17103,neutral
305,Elon Musk,@stats_feed @engineers_feed Useful mass to orbit is what matters,Sun Dec 26 19:41:02 +0000 2021,202,3706,positive
306,Elon Musk,"@lexfridman Yeah, the smarter someone is, the harder it is to simulate/predict their behavior",Mon Dec 27 04:12:00 +0000 2021,859,12007,neutral
307,Elon Musk,"@engineers_feed The resolution of the universe is not smaller than Planck length
https://t.co/hoyZR4d0pP",Mon Dec 27 11:39:33 +0000 2021,271,4421,neutral
308,Elon Musk,"@BillyM2k It is simulations all the way down, until you get to one bit",Mon Dec 27 04:08:47 +0000 2021,259,3986,neutral
309,Elon Musk,@cleantechnica Most people still have no idea that sustainable energy generation is growing so fast,Mon Dec 27 20:16:01 +0000 2021,718,9462,neutral
310,Elon Musk,"@BillyM2k Now that the Webb telescope has been launched, they will have to spend more on rendering haha",Mon Dec 27 04:10:05 +0000 2021,537,11120,positive
311,Elon Musk,@CSmithson80 @heydave7 @BLKMDL3 @mims This chart is a big deal,Thu Dec 30 20:28:51 +0000 2021,118,2239,positive
312,Elon Musk,"@BLKMDL3 @mims Predicting macroeconomics is challenging, to say the least. My gut feel is maybe around spring or summer 2022, but not later than 2023.",Thu Dec 30 18:23:14 +0000 2021,1445,6148,neutral
313,Elon Musk,"@DimaZeniuk @klwtts @TeslaClubNorway @WholeMarsBlog @SawyerMerritt @1stMarsColonist @daelmor @Kristennetten @28delayslater @Inelonwetrust__ @billhuang688 @EvaFoxU @GailAlfarATX As goes Norway, so goes the world. That said, still a long way to go to replace the fleet of combustion vehicles on the road.",Sun Dec 26 19:13:14 +0000 2021,402,9637,neutral
314,Elon Musk,@SawyerMerritt Ashok was the first person recruited from my tweet saying that Tesla is starting an Autopilot team!,Wed Dec 29 16:22:17 +0000 2021,523,10603,neutral
315,Elon Musk,"@GailAlfarATX @SawyerMerritt Wow, working on this problem has soaked up a lot of my time &amp; brain cycles over the past ~7 years! This and Starship engines are currently the two hardest problems.",Wed Dec 29 16:31:53 +0000 2021,253,4380,negative
316,Elon Musk,@SirineAti @engineers_feed FAA approval is the schedule driver. Their latest update says end of February.,Wed Dec 29 08:36:25 +0000 2021,124,2301,neutral
317,Elon Musk,The @SkepticsGuide book is üëç,Thu Dec 23 01:16:48 +0000 2021,2506,42605,positive
318,Elon Musk,"Interesting
https://t.co/548FHpnnxU",Fri Dec 24 21:32:25 +0000 2021,2831,29973,neutral
319,Elon Musk,@BillyM2k @jack @gladstein @rahilla @farokh @samkazemian @TheSmarmyBum @ethereum That‚Äôs why I‚Äôm pro Doge,Thu Dec 23 07:11:42 +0000 2021,5192,27243,positive
320,Elon Musk,@BLKMDL3 Good idea,Thu Dec 23 19:36:28 +0000 2021,327,17228,positive
321,Elon Musk,Tesla holiday software update goes to wide release today!,Fri Dec 24 15:49:48 +0000 2021,4621,100903,positive
322,Elon Musk,"Lots of Tesla cars to deliver before year end! Your support in taking delivery is much appreciated. 

Thanks also to the Tesla team working hard during the holidays!",Thu Dec 23 00:35:39 +0000 2021,5847,128384,positive
323,Elon Musk,"10.8 looks good, rolling out today",Thu Dec 23 22:28:06 +0000 2021,1246,34116,positive
324,Elon Musk,@nichegamer It‚Äôs good,Fri Dec 24 21:25:23 +0000 2021,124,4409,positive
325,Elon Musk,"Whereas radar has trouble seeing small pedestrians, they‚Äôre obvious to Tesla vision",Wed Dec 22 23:17:53 +0000 2021,1735,27910,negative
326,Elon Musk,@WholeMarsBlog And many other things,Fri Dec 24 20:17:31 +0000 2021,294,6509,neutral
327,Elon Musk,@GerberKawasaki A lot will be added,Fri Dec 24 18:47:15 +0000 2021,249,7054,neutral
328,Elon Musk,@WholeMarsBlog Tesla is technically a car like an iPhone is technically a phone,Fri Dec 24 15:44:25 +0000 2021,1167,17706,neutral
329,Elon Musk,@cyantist It was a shamefully low blow from WSJ,Fri Dec 24 20:40:30 +0000 2021,290,5821,negative
330,Elon Musk,@nurodev Disney restricted us to US only,Wed Dec 22 23:12:38 +0000 2021,88,2220,negative
331,Elon Musk,"@Tesmanian_com ‚ÄúHistory is written by the victors‚Äù except on Wikipedia, as your enemies are still alive &amp; have lots of time on their hands ü§£ü§£",Fri Dec 24 18:51:19 +0000 2021,966,8961,neutral
332,Elon Musk,"@JeffTutorials Yes, but if we find unexpected bugs, release might be delayed until 24th",Wed Dec 22 22:18:42 +0000 2021,99,3022,negative
333,Elon Musk,@Tesmanian_com My wiki is such a dumpster fire ü§£ü§£. That‚Äôs how you know it isn‚Äôt curated.,Fri Dec 24 18:50:02 +0000 2021,232,6123,negative
334,Elon Musk,"@scottwww @realrobcopeland Yeah, I didn‚Äôt have a house in the Bay Area for over a decade, despite spending half the week there",Wed Dec 22 23:56:20 +0000 2021,131,3490,neutral
335,Elon Musk,@PPathole @Tesla That was a crazy tough year. Tesla financing closed at 6pm Christmas Eve ‚Äì last hour of the last day possible. Payroll would otherwise have bounced two days after Christmas.,Fri Dec 24 20:46:30 +0000 2021,339,6558,negative
336,Elon Musk,"@davidjkon @Tesmanian_com No, that‚Äôs some tool with senior editor privileges who keeps putting that there",Fri Dec 24 18:53:48 +0000 2021,93,2426,neutral
337,Elon Musk,Has anyone seen web3? I can‚Äôt find it.,Tue Dec 21 05:36:24 +0000 2021,11114,168037,negative
338,Elon Musk,@BillyM2k Just keep going. It‚Äôs in there somewhere. https://t.co/jSLEIcXji1,Tue Dec 21 05:46:29 +0000 2021,536,12996,neutral
339,Elon Musk,@JayinShanghai Sometime in 2022,Mon Dec 20 04:27:07 +0000 2021,189,6444,neutral
340,Elon Musk,100th SpaceX rocket landing was today,Tue Dec 21 16:23:03 +0000 2021,5246,80287,neutral
341,Elon Musk,ü§£ü§£ True. Ask your airline for Starlink!,Mon Dec 20 23:54:48 +0000 2021,3821,71187,neutral
342,Elon Musk,@PPathole @SpaceX Absolutely,Tue Dec 21 16:23:26 +0000 2021,252,13038,neutral
343,Elon Musk,Tesla holiday software release being tested with internal owners today. Broader rollout starts tomorrow evening.,Wed Dec 22 22:11:51 +0000 2021,3934,84658,neutral
344,Elon Musk,@jack m something something,Tue Dec 21 05:42:47 +0000 2021,660,14809,neutral
345,Elon Musk,@PPathole Still kinda hard to believe it is working,Tue Dec 21 16:28:59 +0000 2021,1011,44563,negative
346,Elon Musk,@harald_murphy @SpaceX @Tesla @Jays200 A lot of improvement still coming just from software updates to satellites &amp; terminals,Tue Dec 21 17:22:53 +0000 2021,310,9253,positive
347,Elon Musk,@Gfilche It‚Äôs a great whistle!,Wed Dec 22 21:12:00 +0000 2021,183,6364,positive
348,Elon Musk,@imoriginalankit Maybe I‚Äôm partly Chinese!,Mon Dec 20 02:25:36 +0000 2021,421,8195,neutral
349,Elon Musk,@WholeMarsBlog This assumes completion of the 10b sales,Wed Dec 22 17:51:05 +0000 2021,377,11198,neutral
350,Elon Musk,"@BillyM2k With Starlink, you could stream video &amp; play online games",Tue Dec 21 00:10:27 +0000 2021,727,12031,neutral
351,Elon Musk,@Erdayastronaut I talked about Falcon 9 &amp; Heavy for over a decade!,Tue Dec 21 16:41:51 +0000 2021,181,5408,neutral
352,Elon Musk,"@DanCrenshawTX Agreed. Taxes do need to be collected, but what is the best way to do this that maximizes area under the curve of the happiness of the people?",Tue Dec 21 18:36:06 +0000 2021,585,9879,neutral
353,Elon Musk,@teslatidbits @WholeMarsBlog @DanCrenshawTX A strong bias towards consumption tax makes sense,Wed Dec 22 16:00:18 +0000 2021,129,2655,neutral
354,Elon Musk,@daelmor @BillyM2k @DanCrenshawTX ü§£ People who don‚Äôt create products &amp; services don‚Äôt realize that it takes hard work to produce products &amp; services,Wed Dec 22 15:56:00 +0000 2021,614,5785,negative
355,Elon Musk,"@cleantechnica Pure vision, especially when using explicit photon count, is much better than radar+vision, as the latter has too much ambiguity ‚Äì when radar &amp; vision disagree, it is not clear which one to believe",Wed Dec 22 17:49:36 +0000 2021,369,6481,negative
356,Elon Musk,"@WholeMarsBlog We‚Äôre aiming for a significant improvement for owners outside the US around March, depending on regulatory approvals",Wed Dec 22 22:09:19 +0000 2021,242,3557,positive
357,Elon Musk,Should be taught to all at a young age https://t.co/GlVkjcdhah,Sun Dec 19 19:17:57 +0000 2021,59597,295245,neutral
358,Elon Musk,Better resolution https://t.co/SMFFVBANhA,Sun Dec 19 19:26:29 +0000 2021,12823,87061,neutral
359,Elon Musk,traceroute woke_mind_virus,Sun Dec 19 01:00:34 +0000 2021,10190,121497,negative
360,Elon Musk,"Given the almost unimaginable nature of the present, what will the future be? https://t.co/b2Yw0AXGVA",Mon Dec 20 01:24:29 +0000 2021,10448,79531,neutral
361,Elon Musk,"For those wondering, I will pay over $11 billion in taxes this year",Mon Dec 20 02:24:01 +0000 2021,48321,540840,neutral
362,Elon Musk,Silco &amp; Jinx headline Coachella?,Sat Dec 18 08:20:35 +0000 2021,5608,103574,neutral
363,Elon Musk,@lexfridman Yeah,Mon Dec 20 01:46:49 +0000 2021,185,8040,neutral
364,Elon Musk,"I‚Äôm not suggesting web3 is real ‚Äì seems more marketing buzzword than reality right now ‚Äì just wondering what the future will be like in 10, 20 or 30 years. 2051 sounds crazy futuristic!",Mon Dec 20 01:46:02 +0000 2021,2237,38504,negative
365,Elon Musk,@staciet8 Absolutely,Sun Dec 19 04:41:30 +0000 2021,126,2872,neutral
366,Elon Musk,@F9Block5 Coming,Sat Dec 18 04:51:32 +0000 2021,73,2165,neutral
367,Elon Musk,@BLKMDL3 Probably,Sat Dec 18 04:49:54 +0000 2021,61,2227,neutral
368,Elon Musk,@WorldAndScience Might very well be,Mon Dec 20 01:38:21 +0000 2021,182,5807,neutral
369,Elon Musk,@heydave7 That matches my understanding,Sun Dec 19 09:18:42 +0000 2021,264,5325,positive
370,Elon Musk,@Erdayastronaut @SkepticsGuide Sounds like a good book,Sun Dec 19 20:51:26 +0000 2021,139,4861,positive
371,Elon Musk,@GailAlfarATX @peterdog15 @Tesla Tesla will hold a Giga Texas grand opening party with factory tours for the community in early 2022,Sun Dec 19 22:53:50 +0000 2021,816,12052,neutral
372,Elon Musk,@AdamCuker @SpaceX All Raptor 2 tests going forward,Sun Dec 19 02:33:35 +0000 2021,206,3850,neutral
373,Elon Musk,"@BLKMDL3 10.8 is close, so just jumping to that",Sat Dec 18 04:51:13 +0000 2021,90,3124,neutral
374,Elon Musk,"@wintonARK It may, especially in our galaxy at this time",Sun Dec 19 19:45:16 +0000 2021,216,3928,neutral
375,Elon Musk,@NASASpaceflight Still aiming for booster 4 &amp; Ship 20 for first orbital test flight (this is pure coincidence!),Sat Dec 18 05:12:14 +0000 2021,404,7319,positive
376,Elon Musk,@stevenmarkryan @neuralink Words are very lossy compression of thoughts,Sun Dec 19 22:52:29 +0000 2021,244,3608,negative
377,Elon Musk,@SenSanders [ahem],Thu Dec 16 20:40:35 +0000 2021,1399,28293,positive
378,Elon Musk,Tesla FSD 10.8 plus holiday fun software release probably Tuesday,Sat Dec 18 04:44:37 +0000 2021,3096,59137,neutral
379,Elon Musk,@CathieDWood Interesting,Sat Dec 18 01:15:08 +0000 2021,528,13832,positive
380,Elon Musk,@briannalyman2 (Lack of) Joy Reid is a lobbyist for Sen Karen,Thu Dec 16 20:37:24 +0000 2021,3050,23174,negative
381,Elon Musk,@heydave7 @JohnnaCrider1 @SenWarren @buckporno The great state of Massachusetts deserves someone better,Fri Dec 17 23:45:51 +0000 2021,1454,17310,negative
382,Elon Musk,@Space__Biscuit @NASASpaceflight 15 degrees,Sat Dec 18 04:23:05 +0000 2021,62,2228,neutral
383,Elon Musk,"@itsALLrisky Wow, this video took a lot of work!",Fri Dec 17 09:27:27 +0000 2021,808,21351,positive
384,Elon Musk,@BBC_Future This is a big deal,Fri Dec 17 10:06:24 +0000 2021,434,13934,positive
385,Elon Musk,"@JohnnaCrider1 Yeah, I mean seriously wth!!",Thu Dec 16 20:47:37 +0000 2021,342,8164,negative
386,Elon Musk,Each Raptor 1 engine above produces 185 metric tons of force. Raptor 2 just started production &amp; will do 230+ tons or over half a million pounds of force.,Sat Dec 18 04:01:04 +0000 2021,2113,47985,neutral
387,Elon Musk,@JeanMar49190094 @teslaownersSV It might be,Fri Dec 17 09:39:10 +0000 2021,100,3106,neutral
388,Elon Musk,@BTC_Archive @SenSanders Is there anything more tragic than unrequited love?,Thu Dec 16 20:50:19 +0000 2021,398,9030,negative
389,Elon Musk,"@johnkrausphotos @NASASpaceflight Haha, this is not even its final form! Although, pretty close. 

Cape is hopefully this summer.",Sat Dec 18 04:49:20 +0000 2021,134,3017,positive
390,Elon Musk,"@sagemanfx @BillyM2k I saw it. Whoa, pretty dark! Nice Bladerunner reference.",Fri Dec 17 08:15:00 +0000 2021,54,1708,negative
391,Elon Musk,"@jhall Wait, people *pay* him to speak lmaooo",Fri Dec 17 08:12:13 +0000 2021,292,4111,neutral
392,Elon Musk,"@NASASpaceflight Yup. Next booster will have 33 Raptor 2 engines, with 13 steering. 

Ship is being upgraded to 9 engines (3 sea-level gimbaling, 6 vacuum fixed) with increased propellant load.",Sat Dec 18 04:21:43 +0000 2021,548,7911,neutral
393,Elon Musk,@StianWalgermo @TeslaCharging @Tesla @WholeMarsBlog @TeslaClubNorway Trondheim sounds cool,Fri Dec 17 08:40:11 +0000 2021,81,1968,positive
394,Elon Musk,"@EvaFoxU @cnunezimages Still much to be done, but it has that potential",Fri Dec 17 11:23:07 +0000 2021,344,10015,positive
395,Elon Musk,@nichegamer Add some tats -&gt; hipster xenomorph,Thu Dec 16 21:54:44 +0000 2021,62,1751,neutral
396,Elon Musk,"@William_Blake @peterthiel @mlevchin @DavidSacks @reidhoffman I haven‚Äôt read the book, but Soni‚Äôs questions were incredibly insightful &amp; his attention to detail was superlative",Thu Dec 16 23:08:09 +0000 2021,161,4235,positive
397,Elon Musk,Sometimes it‚Äôs just better to make pizza at home,Sat Dec 31 18:26:16 +0000 2022,39080,763552,neutral
398,Elon Musk,"Twitter has a bookmark function accessible through share button on tweet. 

To read bookmarks, tap profile icon.

This obscure UI will be fixed in Jan.",Sat Dec 31 08:51:10 +0000 2022,11705,167391,neutral
399,Elon Musk,@MuskUniversity Absolutely,Sat Dec 31 05:37:06 +0000 2022,1463,40411,neutral
400,Elon Musk,"@stillgray To the best of my knowledge, I have never met him, nor was I at that Halloween party in Romania",Sat Dec 31 07:33:45 +0000 2022,834,14330,neutral
401,Elon Musk,"Unlike likes, bookmarks are private",Sat Dec 31 10:00:01 +0000 2022,3348,75123,neutral
402,Elon Musk,Easy to create folders to bookmark tweets into various categories,Sat Dec 31 09:02:21 +0000 2022,3895,77129,neutral
403,Elon Musk,"@WholeMarsBlog Agreed, update coming in Jan",Sat Dec 31 22:19:51 +0000 2022,681,18675,neutral
404,Elon Musk,@pmarca Piketty is a misanthrope,Sat Dec 31 21:41:42 +0000 2022,790,16367,negative
405,Elon Musk,@drefanzor @oadegbolamdphd @fahmialalam On the list,Sat Dec 31 18:34:13 +0000 2022,221,5446,neutral
406,Elon Musk,"@ScottAdamsSays @Mediaite Yeah, this is silly. I love your work!",Sat Dec 31 22:10:36 +0000 2022,798,19786,negative
407,Elon Musk,"@WholeMarsBlog Yup, should be the best deal in town!",Sat Dec 31 05:19:10 +0000 2022,536,14668,positive
408,Elon Musk,@oadegbolamdphd @fahmialalam Absolutely,Sat Dec 31 18:18:07 +0000 2022,41,1501,neutral
409,Elon Musk,@jpr007 I‚Äôd like to thank the people of Norway again for their incredible support of electric vehicles. Norway rocks!! üá≥üá¥,Sat Dec 31 22:15:41 +0000 2022,1726,47171,positive
410,Elon Musk,@teslaownersSV @Tesla Long-term fundamentals are extremely strong. Short-term market madness is unpredictable.,Fri Dec 30 22:43:10 +0000 2022,1686,20801,negative
411,Elon Musk,@alex_avoigt Please take both of those sentences fully to heart!,Sat Dec 31 05:38:25 +0000 2022,662,14334,positive
412,Elon Musk,"@TimRunsHisMouth @ZaleskiLuke Exactly! I am obviously ‚Äúmoderate wing‚Äù, except as viewed by the far left.",Sat Dec 31 22:09:21 +0000 2022,1303,22592,negative
413,Elon Musk,@WholeMarsBlog Tesla Megapack (and Powerwall) will make a massive difference to achieving a sustainable energy future for Earth!,Sat Dec 31 05:23:15 +0000 2022,950,12901,positive
414,Elon Musk,"@hodgetwins @TheBabylonBee Key test for authenticity is how someone is in live back &amp; forth discussion where canned speeches don‚Äôt work, eg Twitter Spaces. Has she done anything like that?",Sat Dec 31 18:16:51 +0000 2022,1445,20170,negative
415,Elon Musk,"@Rainmaker1973 @paulg Sorry, this incorrect tagging should be fixed within a month or two",Fri Dec 30 22:28:13 +0000 2022,257,8040,negative
416,Elon Musk,"@teslaownersSV It‚Äôs good to switch back &amp; forth. As we improve Twitter AI, recommended tweets, lists &amp; topics will become awesome.",Fri Dec 30 22:51:35 +0000 2022,393,6080,positive
417,Elon Musk,@PeterDiamandis Sooner,Fri Dec 30 21:15:04 +0000 2022,545,11913,neutral
418,Elon Musk,@TrungTPhan Pretty much,Fri Dec 30 20:07:32 +0000 2022,695,37982,neutral
419,Elon Musk,@gunsnrosesgirl3 ‚ÄúYou‚Äôre not an NPC‚Äù,Fri Dec 30 21:59:19 +0000 2022,2213,69756,neutral
420,Elon Musk,"New Twitter navigation coming in Jan that allows swiping to side to switch between recommended &amp; followed tweets, trends, topics, etc.

Until then, tap stars icon on upper right of home screen to switch.",Fri Dec 30 20:26:24 +0000 2022,9736,118451,neutral
421,Elon Musk,@TheBabylonBee The sheer amount of brand awareness achieved by Greta within a few years is astounding. I think she‚Äôs cool tbh.,Fri Dec 30 20:37:58 +0000 2022,1819,59164,positive
422,Elon Musk,@TheOnion Been there,Fri Dec 30 22:16:28 +0000 2022,304,10700,neutral
423,Elon Musk,@suhel Lists too,Fri Dec 30 20:31:08 +0000 2022,113,2881,neutral
424,Elon Musk,@RichardDawkins The woke mind virus is penetrating the firewalls of some of the world‚Äôs smartest meat computers at a prodigious rate!,Fri Dec 30 20:16:27 +0000 2022,1175,11028,negative
425,Elon Musk,"@jasondebolt Twitter gives you immediate news from the actual sources themselves vs filtered, hidden-agenda ‚Äúnews‚Äù that is days old",Fri Dec 30 21:57:43 +0000 2022,6036,67535,neutral
426,Elon Musk,@ggreenwald @kattenbarge Their fiction isn‚Äôt even good!,Fri Dec 30 20:05:14 +0000 2022,550,8354,negative
427,Elon Musk,@neiltyson I would‚Äôve expected more center,Fri Dec 30 21:48:14 +0000 2022,268,8900,neutral
428,Elon Musk,@DowJonesAl Notable corrections deserve credit!,Fri Dec 30 21:31:25 +0000 2022,421,11939,positive
429,Elon Musk,"@FelixSchlang @BillyM2k @mishaboar @StonksReddit That would be ironic, since I am literally the single biggest supporter of Ukraine outside of major governments.

The peace plan I proposed was for the benefit of Ukraine. This will become utterly obvious, if it isn‚Äôt already.",Fri Dec 30 19:45:25 +0000 2022,426,5430,negative
430,Elon Musk,@BillyM2k @mishaboar @StonksReddit Do they give reasons?,Fri Dec 30 19:35:16 +0000 2022,134,2847,neutral
431,Elon Musk,"@PeterDiamandis AI safety is a real concern!
https://t.co/9HpZtAyHIH",Fri Dec 30 22:19:35 +0000 2022,437,7709,neutral
432,Elon Musk,"@darew265 @BillyM2k @mishaboar @StonksReddit BYOTP! Lol, it was true for half a day.",Fri Dec 30 19:41:51 +0000 2022,154,3047,positive
433,Elon Musk,@MarcusYafeelus @matthewloop @ScottAdamsSays Better hustle with the Mars rockets!,Fri Dec 30 20:21:48 +0000 2022,161,2467,positive
434,Elon Musk,"@cb_doge @BillyM2k Yeah, icon placement &amp; visual cues are not great",Fri Dec 30 20:39:04 +0000 2022,84,1895,negative
435,Elon Musk,@JerryDunleavy creepy,Fri Dec 30 11:10:58 +0000 2022,2981,73323,negative
436,Elon Musk,@ScottAdamsSays Use https://t.co/2NjvMTsWmj if need be,Fri Dec 30 13:41:15 +0000 2022,659,5995,neutral
437,Elon Musk,@universal_sci Carbs rock,Fri Dec 30 10:50:02 +0000 2022,710,19778,positive
438,Elon Musk,@nuzushop Is this a scam?,Fri Dec 30 12:42:03 +0000 2022,89,1761,negative
439,Elon Musk,@KanekoaTheGreat Interesting thread,Fri Dec 30 09:08:29 +0000 2022,943,10514,positive
440,Elon Musk,@PPathole @KanekoaTheGreat Will do,Fri Dec 30 09:46:51 +0000 2022,116,2361,positive
441,Elon Musk,@cb_doge @ScottAdamsSays Not enough,Fri Dec 30 19:21:21 +0000 2022,132,4129,negative
442,Elon Musk,@JerryDunleavy Maybe he just loves looking at science?,Fri Dec 30 12:16:20 +0000 2022,843,11938,neutral
443,Elon Musk,@Jiu_Jase @WholeMarsBlog Exactly,Fri Dec 30 08:38:41 +0000 2022,73,2143,neutral
444,Elon Musk,"@ScottAdamsSays It‚Äôs not some illuminati plot to destroy humanity, but rather an extension of the well-meaning environmental sustainability movement that has gone too far",Fri Dec 30 19:10:29 +0000 2022,1685,16333,negative
445,Elon Musk,"@ScottAdamsSays This is neither a ‚Äúright‚Äù nor a ‚Äúleft‚Äù issue. 

Run antivirus software in your brain.",Fri Dec 30 18:07:48 +0000 2022,1481,13069,negative
446,Elon Musk,@WholeMarsBlog Cocaine does not meet that test,Fri Dec 30 08:45:07 +0000 2022,195,4023,negative
447,Elon Musk,"@ScottAdamsSays It is a very common sentiment, mostly implicit, sometimes explicit https://t.co/8JUc7eDZe4",Fri Dec 30 13:29:40 +0000 2022,1335,10407,neutral
448,Elon Musk,"@ScottAdamsSays My reason for declining the Davos invitation was not because I thought they were engaged in diabolical scheming, but because it sounded boring af lol",Fri Dec 30 19:19:31 +0000 2022,2440,21697,negative
449,Elon Musk,"@ScottAdamsSays I don‚Äôt think we should divide issues semi-randomly into ‚Äúleft‚Äù and ‚Äúright‚Äù tribes, as it inhibits critical thinking.

The idea that there are too many people generally stems from the axiomatic flaw that Earth‚Äôs environment can‚Äôt sustain its current population.",Fri Dec 30 18:56:07 +0000 2022,1718,15532,negative
450,Elon Musk,"@WholeMarsBlog I am not endorsing drugs, but I am saying that the evidence suggests that banning them is a net societal negative",Fri Dec 30 08:37:09 +0000 2022,374,5402,negative
451,Elon Musk,"@RessaminCiragi @ScottAdamsSays @borsaressami I will inquire. We really need to roll out the feature showing why an account was suspended or visibility filtered 
(aka ghostbanned). Will happen in Jan.",Fri Dec 30 13:34:20 +0000 2022,582,5300,neutral
452,Elon Musk,"@WholeMarsBlog To assess if a drug is good, whether legal or illegal, the acid test is being able to say: 

[blank] made me a better person.",Fri Dec 30 08:44:31 +0000 2022,262,3544,positive
453,Elon Musk,New Twitter will strive to optimize unregretted user-minutes,Fri Dec 30 03:16:43 +0000 2022,11961,193128,positive
454,Elon Musk,@TeslaAIBot Thanks Optimus ü§ñ ‚ô•Ô∏è,Thu Dec 29 01:19:03 +0000 2022,1149,53245,positive
455,Elon Musk,Significant backend server architecture changes rolled out. Twitter should feel faster.,Thu Dec 29 04:50:26 +0000 2022,18831,288833,positive
456,Elon Musk,"@slashdot Originally, Superman III https://t.co/nv4AQ5oa7T",Fri Dec 30 04:27:46 +0000 2022,282,5066,neutral
457,Elon Musk,"New Twitter policy is to follow the science, which necessarily includes reasoned questioning of the science",Wed Dec 28 18:58:55 +0000 2022,66680,564249,neutral
458,Elon Musk,@BillFOXLA Whoa,Wed Dec 28 20:02:27 +0000 2022,1441,26278,neutral
459,Elon Musk,They did it!,Wed Dec 28 16:58:14 +0000 2022,8525,153411,positive
460,Elon Musk,Launch 61 of 2022. Congrats SpaceX!,Fri Dec 30 08:04:48 +0000 2022,6725,101167,positive
461,Elon Musk,@dogeofficialceo Accurate lol,Wed Dec 28 20:03:45 +0000 2022,840,23752,positive
462,Elon Musk,@WallStreetSilv Can‚Äôt tell if satire or real,Thu Dec 29 08:53:18 +0000 2022,1708,66173,negative
463,Elon Musk,@TeslaLarry Sensible thread!,Fri Dec 30 03:00:30 +0000 2022,371,12636,positive
464,Elon Musk,@BillyM2k @greg16676935420 Works for me,Thu Dec 29 01:29:05 +0000 2022,307,8973,positive
465,Elon Musk,@Hooters @WallStreetSilv Phew,Thu Dec 29 15:03:08 +0000 2022,434,12395,negative
466,Elon Musk,"@RBReich Agreed, reduced competition is not good for the people",Fri Dec 30 04:18:47 +0000 2022,3796,65996,negative
467,Elon Musk,@SethDillon Being pro humanity is speciesist!,Fri Dec 30 03:11:57 +0000 2022,1022,15291,negative
468,Elon Musk,@GadSaad Anyone who says that questioning them is questioning science itself cannot be regarded as a scientist,Wed Dec 28 19:48:32 +0000 2022,11510,82893,negative
469,Elon Musk,@PeterDiamandis Synthetic mRNA has incredible potential!,Wed Dec 28 17:25:46 +0000 2022,261,3748,positive
470,Elon Musk,"@WholeMarsBlog Banning alcohol caused the biggest rise in organized crime in American history. 

That was dumb.

Same logic applies to other drugs. Alcohol is just a legacy drug.",Fri Dec 30 08:13:33 +0000 2022,1106,11463,negative
471,Elon Musk,I‚Äôm not brainwashed!! https://t.co/4kx61uu4yy,Wed Dec 28 07:11:15 +0000 2022,142197,1125373,neutral
472,Elon Musk,"@sevensixfive @DanielleFong I‚Äôm not cis, you are",Wed Dec 28 16:49:22 +0000 2022,5705,38635,neutral
473,Elon Musk,@stillgray Really?,Wed Dec 28 09:49:46 +0000 2022,2196,51058,neutral
474,Elon Musk,@ElGrecoSF And you have tiny testicles!,Wed Dec 28 09:26:56 +0000 2022,2782,45398,positive
475,Elon Musk,@TrungTPhan omg lol,Wed Dec 28 07:17:26 +0000 2022,855,25517,positive
476,Elon Musk,@JohnnaCrider1 Agreed,Wed Dec 28 09:51:17 +0000 2022,419,11991,positive
477,Elon Musk,Congratulations SpaceX Falcon team on 60 successful launches this year!!,Wed Dec 28 15:13:10 +0000 2022,8878,127948,positive
478,Elon Musk,@SquawkCNBC @axios @hopeking The legacy media should worry about its reputation. We have only just begun.,Wed Dec 28 09:17:59 +0000 2022,19159,162069,negative
479,Elon Musk,"@DanielleFong Yeah, I‚Äôm not a fan of pronouns when someone is giving every possible visual cue for he or she, but then still insists on telling you exactly what you expect. 

I do support pronouns that aren‚Äôt completely obvious based on visual cues.",Wed Dec 28 15:53:21 +0000 2022,1547,41979,negative
480,Elon Musk,@itsmekimmyjo_ @pmarca Really? @tiktok_us,Wed Dec 28 09:13:32 +0000 2022,276,5566,neutral
481,Elon Musk,@PhillipsNanl @theyvonnesayers @pmarca Concerning,Wed Dec 28 09:16:06 +0000 2022,330,4896,positive
482,Elon Musk,"@pmarca Despite these glaring issues, Twitter nonetheless had an internal Slack channel unironically called ‚ÄúFauci Fan Club‚Äù ü§Ø",Wed Dec 28 06:54:55 +0000 2022,8150,42345,neutral
483,Elon Musk,@PeterDiamandis The AIs will write each other lots of emails!,Wed Dec 28 15:56:38 +0000 2022,779,21241,neutral
484,Elon Musk,@UsmanZiyadKp Exactly. Why would anyone trust corpo journalism?,Wed Dec 28 09:22:19 +0000 2022,914,11523,negative
485,Elon Musk,@pmarca I invite @CommunityNotes to correct or amend this thread,Wed Dec 28 09:24:20 +0000 2022,1033,12131,neutral
486,Elon Musk,"@BillyM2k No matter how smart someone is, they are always some % wrong",Wed Dec 28 07:08:36 +0000 2022,972,13303,negative
487,Elon Musk,"@Z3RO_Y34R @pmarca ‚ÄúGain-of-function‚Äù should be called ‚Äúbioweapon‚Äù research, as the function referred is death! 

What was the name changed to this time?",Wed Dec 28 15:36:25 +0000 2022,6019,22275,neutral
488,Elon Musk,@stillgray Free phones to report themselves and they never even call to say hi üò¢,Wed Dec 28 10:07:18 +0000 2022,1179,14944,negative
489,Elon Musk,@eyeslasho Hitchens was amazing,Sun Dec 31 15:54:53 +0000 2023,78,1546,positive
490,Elon Musk,@WallStreetSilv Exactly!,Sun Dec 31 12:43:09 +0000 2023,193,2492,positive
491,Elon Musk,@Johnmc42069 @WallStreetSilv True,Sun Dec 31 08:32:01 +0000 2023,166,1880,neutral
492,Elon Musk,@BillyM2k Exactly,Sun Dec 31 00:09:54 +0000 2023,110,1905,neutral
493,Elon Musk,@dogeofficialceo Accurate,Sat Dec 30 20:06:58 +0000 2023,129,1491,positive
494,Elon Musk,@farzyness A miscarriage of justice,Sat Dec 30 20:06:37 +0000 2023,198,2134,negative
495,Elon Musk,@WholeMarsBlog üòÇ seriously,Sun Dec 31 00:02:08 +0000 2023,115,2112,neutral
496,Elon Musk,@davewolfusa @Tesla @SpaceX Exactly,Sun Dec 31 12:09:33 +0000 2023,55,1256,neutral
497,Elon Musk,@chamath Wow yeah,Sun Dec 31 16:15:06 +0000 2023,110,1624,positive
498,Elon Musk,@JonErlichman Time is the true currency,Sun Dec 31 00:57:42 +0000 2023,330,2906,neutral
499,Elon Musk,@mysteriouskat I agree,Sun Dec 31 12:23:05 +0000 2023,52,995,positive
500,Elon Musk,@mysteriouskat Good point,Sun Dec 31 08:40:53 +0000 2023,53,885,positive
501,Elon Musk,@WallStreetSilv That is the cycle,Sun Dec 31 12:40:03 +0000 2023,200,2748,neutral
502,Elon Musk,@WalterIsaacson I think you‚Äôre right,Sun Dec 31 00:58:07 +0000 2023,82,1675,neutral
503,Elon Musk,@mysteriouskat Even better point,Sun Dec 31 08:41:11 +0000 2023,43,819,positive
504,Elon Musk,"@Teslaconomics We like to put little fun Easter eggs our cars. Small, unexpected delights are part of what makes life worth living.",Sun Dec 31 16:17:57 +0000 2023,394,5708,positive
505,Elon Musk,@MuskUniversity Can someone please make this parody? It would be so good ü§£,Sun Dec 31 16:16:03 +0000 2023,120,2054,positive
506,Elon Musk,"@WallStreetSilv People often incorrectly think health care is a matter of money, but it is actually a matter of doctors per capita. 

Unless there is a magic doctor factory somewhere, it takes ~30 years from birth to educate a doctor. 

So what will actually happen is a rapid decline in",Sun Dec 31 08:22:30 +0000 2023,707,4227,negative
507,Elon Musk,"@MuskUniversity Disney‚Äôs entire market cap right is just the parks. Investors are valuing everything else as neutral to negative, for good reason. 
https://t.co/vYeCPNqxCF",Sun Dec 31 00:49:31 +0000 2023,165,1715,neutral
508,Elon Musk,@pmarca Never trust a cynic ‚Äì they excuse their bad behavior with the rationale that ‚Äúeveryone does it‚Äù,Sun Dec 31 05:54:38 +0000 2023,290,2766,negative
509,Elon Musk,Night and day difference https://t.co/7WUaRHeNqt,Sat Dec 30 16:25:16 +0000 2023,64077,505318,neutral
510,Elon Musk,"We should be ending racism in America, not substituting one form for another!",Sat Dec 30 03:35:57 +0000 2023,29522,164345,negative
511,Elon Musk,"Almost no one seems to be aware of the immense size and lightning growth of this issue. 

According to the mayors, it is already overwhelming essential services in New York, Chicago and other cities.",Sat Dec 30 13:25:01 +0000 2023,43985,171244,negative
512,Elon Musk,@EndWokeness Good!,Sat Dec 30 17:03:07 +0000 2023,527,10920,positive
513,Elon Musk,@cb_doge @MrBeast Yeah,Sat Dec 30 17:29:43 +0000 2023,176,10157,neutral
514,Elon Musk,@realchrisrufo Exactly,Sat Dec 30 05:23:43 +0000 2023,123,2024,neutral
515,Elon Musk,@ZubyMusic I think you‚Äôre probably right,Sat Dec 30 05:09:48 +0000 2023,760,10584,neutral
516,Elon Musk,@ICannot_Enough Agreed,Sat Dec 30 04:48:28 +0000 2023,52,1134,positive
517,Elon Musk,@NAGUAR2010 True,Sat Dec 30 16:23:40 +0000 2023,24,550,neutral
518,Elon Musk,@austinbarnard45 You‚Äôre welcome üòÄ,Sat Dec 30 17:24:33 +0000 2023,42,1455,positive
519,Elon Musk,@WhatsupFranks Sorry it took so long,Sat Dec 30 02:28:28 +0000 2023,74,1934,negative
520,Elon Musk,"@chazman @cybertruck Cybertruck is necessarily lowest priority for FSD, as there only a few hundred Cybertruck in the field compared to ~5 million other Teslas",Sat Dec 30 17:26:16 +0000 2023,136,2129,negative
521,Elon Musk,"@jeffskoll @SpaceX @Starlink Thanks Jeff, my old friend!",Sat Dec 30 05:39:50 +0000 2023,46,1204,positive
522,Elon Musk,@MarcusHouse The next stage of the Starship program should be called The Two Towers,Sat Dec 30 05:37:10 +0000 2023,271,3644,neutral
523,Elon Musk,@dinkin_flickaa Big improvements already and more to come!,Sat Dec 30 04:09:25 +0000 2023,44,971,positive
524,Elon Musk,"@teslaownersSV As I say though, exceptional execution is needed for this. It will *not* happen ‚Äúby itself‚Äù.",Sat Dec 30 02:47:28 +0000 2023,153,1999,negative
525,Elon Musk,"@BasedBeffJezos If all goes well, that will be an option",Sat Dec 30 02:45:52 +0000 2023,36,933,positive
526,Elon Musk,"@ChrisDungeon While certainly not perfect, my batting average for most predictions is quite good. 

My schedule optimism, without which I probably wouldn‚Äôt even have tried to do many endeavors, gets the best of me sometimes, but I always deliver in the end.",Sat Dec 30 13:12:12 +0000 2023,457,4662,positive
527,Elon Musk,"Starship will make life as we know it multiplanetary for the first time in Earth‚Äôs ~4.5 billion year existence 
 https://t.co/G7lJo3gckz",Sat Dec 30 01:24:54 +0000 2023,13475,101382,positive
528,Elon Musk,Just completed static fire test of Flight 3 Super Heavy Booster https://t.co/m0n8RooOlA,Fri Dec 29 17:52:05 +0000 2023,6616,69239,neutral
529,Elon Musk,"Next week, I will do a company talk for SpaceX, followed later by a company talk for Tesla after the 10K. 

I will recap the talented team‚Äôs amazing accomplishments of 2023 and describe exciting plans for 2024 and beyond!

These will be posted publicly to @SpaceX and @Tesla.",Fri Dec 29 16:42:50 +0000 2023,5618,57380,positive
530,Elon Musk,"@WholeMarsBlog I stand by my prediction that, if Tesla executes extremely well over the next 5 years, that the long term value could exceed Apple and Aramco combined",Sat Dec 30 01:53:30 +0000 2023,2019,17100,positive
531,Elon Musk,To give you a sense of the immense and growing size of illegal immigration!,Fri Dec 29 17:00:43 +0000 2023,52442,179242,neutral
532,Elon Musk,"Just a reminder to organizations and individuals to add your best content to the Highlights section of your profile.

This is especially helpful for highlighting your important replies, which are hard to find in the current system.",Fri Dec 29 16:44:53 +0000 2023,2579,22842,positive
533,Elon Musk,6 times as many links as humans!,Fri Dec 29 21:28:25 +0000 2023,3150,26931,neutral
534,Elon Musk,@stclairashley True,Fri Dec 29 17:19:34 +0000 2023,85,1587,neutral
535,Elon Musk,@stillgray Definitely,Fri Dec 29 17:18:54 +0000 2023,240,2538,positive
536,Elon Musk,@cb_doge Thanks ü§£ü§£,Fri Dec 29 16:47:52 +0000 2023,59,1413,positive
537,Elon Musk,@johnkrausphotos Great year,Fri Dec 29 16:35:54 +0000 2023,55,1295,positive
538,Elon Musk,@fentasyl Exactly,Sat Dec 30 17:27:27 +0000 2023,36,722,neutral
539,Elon Musk,@WholeMarsBlog Coming soon,Fri Dec 29 17:48:35 +0000 2023,81,1519,neutral
540,Elon Musk,@bevedoni He is utterly wrong,Fri Dec 29 16:57:02 +0000 2023,80,1364,negative
541,Elon Musk,"@NicklasNilsso14 Yayüá∏üá™ Sweden üá∏üá™ !!

Thanks to the excellent Tesla team in Sweden!",Fri Dec 29 16:34:28 +0000 2023,164,2515,positive
542,Elon Musk,@tunguz Can‚Äôt spelling economics without ‚Äúcon‚Äù,Fri Dec 29 16:32:08 +0000 2023,54,779,negative
543,Elon Musk,@shaunmmaguire It just in order to build a self-sustaining city on Mars,Fri Dec 29 16:59:20 +0000 2023,73,1000,neutral
544,Elon Musk,"@dogeofficialceo Good to hear. 

More improvements coming!",Fri Dec 29 16:35:31 +0000 2023,51,838,positive
545,Elon Musk,Falcon Heavy ascent &amp; boosters landing https://t.co/R5X6qYAnYN,Fri Dec 29 15:58:26 +0000 2023,3886,41916,neutral
546,Elon Musk,Amazing,Fri Dec 29 16:08:59 +0000 2023,33566,192271,positive
547,Elon Musk,@WholeMarsBlog Yahoo news is unreadable üí©,Fri Dec 29 14:04:01 +0000 2023,131,1951,negative
548,Elon Musk,@BillMelugin_ This is insane,Fri Dec 29 15:50:20 +0000 2023,1557,14389,negative
549,Elon Musk,@RepThomasMassie Interesting,Fri Dec 29 16:14:18 +0000 2023,287,4985,positive
550,Elon Musk,@WholeMarsBlog It is increasingly clear that all roads lead to AGI. Tesla is building an extremely compute-efficient mini AGI for FSD.,Fri Dec 29 07:50:41 +0000 2023,406,3850,positive
551,Elon Musk,@chamath True,Fri Dec 29 08:07:07 +0000 2023,35,799,neutral
552,Elon Musk,@Culture_Crit Seriously,Fri Dec 29 16:25:25 +0000 2023,52,1480,negative
553,Elon Musk,@growing_daniel Been there,Fri Dec 29 08:20:38 +0000 2023,43,1120,neutral
554,Elon Musk,@johnpisaniphoto @considercosmos We will return to the moon soon,Fri Dec 29 08:06:01 +0000 2023,323,3167,neutral
555,Elon Musk,@TMZLive @jkundert TMZ is underrated,Fri Dec 29 14:47:41 +0000 2023,53,858,positive
556,Elon Musk,"@Not_the_Bee The mayor of New York, who is a Democrat, is saying in the strongest possible terms that his city‚Äôs services are collapsing under the strain of so many illegal immigrants! 

They have run out of hotel rooms. Where are they meant to live?",Fri Dec 29 16:28:00 +0000 2023,306,2119,negative
557,Elon Musk,@gigafactories Congrats on a great year by all Tesla factories!,Fri Dec 29 08:04:51 +0000 2023,283,4229,positive
558,Elon Musk,@NovareProject Starship is a whole new level,Fri Dec 29 16:01:23 +0000 2023,97,1705,neutral
559,Elon Musk,@JonErlichman Asimov was amazing. His Foundation books were an inspiration for the need to make life multiplanetary while civilization is still strong.,Fri Dec 29 16:24:16 +0000 2023,93,1166,positive
560,Elon Musk,"@FutureJurvetson @SpaceX And, if all goes well, SpaceX‚Äôs total launch mass to orbit will increase ~50% next year, not including Starship",Fri Dec 29 15:49:19 +0000 2023,184,2565,positive
561,Elon Musk,"@DanaEn803 @arstechnica @SciGuySpace The super heavy booster can be used more frequently than the ship, as it returns in about ~6 minutes and can theoretically be ready for reflght in an hour. 

The ship needs to complete at least one orbit, but often several to have the ground track line back up with the launch",Fri Dec 29 14:14:11 +0000 2023,1078,7997,neutral
562,Elon Musk,Completed Tier 25 AoZ with a lot of help :) https://t.co/8r3RhNEZqx,Thu Dec 28 01:44:09 +0000 2023,4480,49499,positive
563,Elon Musk,Don‚Äôt Look Up https://t.co/jC7gdjtcAe,Thu Dec 28 05:36:18 +0000 2023,2669,18924,neutral
564,Elon Musk,@cb_doge Finally https://t.co/jWpLYy8mz1,Fri Dec 29 05:29:12 +0000 2023,145,1562,positive
565,Elon Musk,Congrats to the SpaceX team on achieving 96 launches in 2023!,Fri Dec 29 07:00:26 +0000 2023,7282,66342,positive
566,Elon Musk,@DrKnowItAll16 Absolutely,Thu Dec 28 05:45:57 +0000 2023,59,1249,neutral
567,Elon Musk,@shaunmmaguire True,Fri Dec 29 16:58:59 +0000 2023,26,543,neutral
568,Elon Musk,@JonErlichman Interesting,Fri Dec 29 07:34:11 +0000 2023,51,936,positive
569,Elon Musk,@BillyM2k üòÇ so may times,Thu Dec 28 05:06:50 +0000 2023,85,1583,neutral
570,Elon Musk,@SawyerMerritt He has the wrong frame of reference. Tesla is an AI/robotics company.,Thu Dec 28 02:41:35 +0000 2023,684,6653,negative
571,Elon Musk,@all_in_tok @BrendanCarrFCC ‚ÄúJust a coincidence‚Äù,Fri Dec 29 07:03:19 +0000 2023,90,1137,neutral
572,Elon Musk,@DavidSacks Many deaths could have been avoided,Thu Dec 28 01:52:32 +0000 2023,315,3611,negative
573,Elon Musk,"@AlexJonesMW3 @X Yup, we‚Äôre working on it",Thu Dec 28 01:57:04 +0000 2023,160,3323,neutral
574,Elon Musk,"@TeslaSynopsis It is already on a lot of cars, but, given that is a completely new architecture, we are doing extra testing.

It works very well in California, but needs more training for heavy precipitation areas.",Thu Dec 28 01:56:27 +0000 2023,309,3797,neutral
575,Elon Musk,@MikeBenzCyber @DavidSacks Bombastic bonehead in extremis,Fri Dec 29 07:02:53 +0000 2023,61,818,negative
576,Elon Musk,@SawyerMerritt This false story was parroted by hundreds of publications worldwide,Fri Dec 29 07:19:05 +0000 2023,376,4043,negative
577,Elon Musk,"@Albz321 Yes, we are adding the ability to attach rich text docs",Thu Dec 28 04:32:54 +0000 2023,66,1331,neutral
578,Elon Musk,"@MikeBenzCyber You cannot be weak, but I strongly disagree. ‚ÄúAn eye for an eye‚Äù is foolish and primitive, leading to an endless cycle of retribution.",Fri Dec 29 07:32:09 +0000 2023,130,1522,negative
579,Elon Musk,@DrKnowItAll16 @TMZ @HarveyLevinTMZ TMZ has higher journalistic standards than most ‚Äúmainstream‚Äù publications,Fri Dec 29 03:55:35 +0000 2023,79,1355,neutral
580,Elon Musk,"@sundeep @pmarca That used to be true, but these days the losers are very much alive and have a lot of time on their hands to edit Wikipedia!",Fri Dec 29 06:57:40 +0000 2023,156,1670,negative
